Bedrooms,Bathrooms,SquareFootage,Zipcode,Price
7,3.0,1145,68024,277224.8287006475
4,3.0,5824,49687,936663.0520105127
5,4.0,1795,81129,376343.3242596293
7,2.5,2669,36207,634363.3173763636
3,2.5,3958,59354,788318.9313843087
8,5.0,3038,47310,804878.3780823695
5,3.5,1216,58960,297046.06634944765
5,2.5,4844,71262,908621.6737888169
7,1.5,3943,23403,889456.7802415672
2,3.5,2411,23065,477057.8573928424
3,1.5,771,99930,173236.02692372486
7,3.0,4742,36801,1022897.1653451949
3,3.5,1225,39230,319395.4387496943
3,2.5,4663,82706,881431.6227843245
8,2.0,2854,93942,669281.5097254772
5,4.0,1052,39968,309549.64730210206
4,1.5,2018,52517,347815.39638469287
8,3.5,1353,63239,371136.7265450708
8,2.5,3972,42655,772742.7282905562
3,3.5,5704,72771,1200000.0
6,2.5,3323,55984,657811.9343023822
5,2.5,5829,21049,1163248.5761259152
2,2.5,3610,82321,669971.5186962886
8,5.0,3511,74813,798961.5173840476
4,4.0,1825,14655,449649.1449468033
6,2.0,767,93994,196061.11190758835
6,2.0,4285,82454,1043983.3054556603
2,3.5,685,78972,200262.81562013354
8,3.5,2277,31432,598257.9801318935
4,2.5,2582,75896,535738.377588585
5,5.0,5544,80135,1135086.9004775446
1,2.5,2086,52936,376390.6708315193
4,5.0,1041,23750,270964.9036817218
2,2.5,870,37987,190850.7564559217
6,1.5,943,36165,239415.9421446884
5,1.5,1806,60541,377088.2700999769
4,3.0,3681,34346,863440.9604791779
1,2.5,1857,13514,369233.8947139404
1,4.0,2891,34838,497211.5089258278
3,3.0,2132,37559,446774.42800180457
3,3.5,4022,69207,655794.9223655007
7,2.5,4962,26385,959524.549005436
2,1.5,2253,28317,362236.7237302959
8,5.0,5588,10393,1088437.8758068748
4,4.0,838,34881,267164.39979752066
4,2.5,1514,37955,343695.74147147976
8,2.0,2038,68308,569344.7456959444
7,2.0,3616,68014,645440.6672771025
6,5.0,2060,75430,530758.1046931439
6,3.0,3679,82031,587460.4019035661
7,2.0,2858,96973,502500.86872046534
6,3.0,966,69596,230563.98295252392
3,1.5,3591,11713,695965.6178255073
4,2.5,4341,30428,896998.8480129668
7,1.5,685,72160,177378.05310563924
4,1.5,3093,76171,584825.775621212
8,4.5,5315,90729,1200000.0
1,1.0,731,70843,139813.86304526502
3,4.0,1503,33003,414635.6526068697
5,3.0,4056,90169,760356.7243574956
3,4.5,5683,52077,931080.5837313794
7,1.0,1821,36730,412522.541237859
5,4.0,2363,82981,587726.3534158027
1,3.0,3404,89817,504229.31361068925
7,2.5,1826,82138,450660.15292010794
2,4.0,1884,75573,404416.14518360776
4,1.5,1289,38869,242449.07679221165
1,1.0,5743,41076,1096577.4081021599
4,1.0,5382,96005,981949.1104671542
6,1.0,5481,35094,1200000.0
2,3.0,5035,36817,964849.1756206467
2,4.0,5107,20555,981551.738035279
1,1.5,2596,80656,474045.4721951351
2,4.5,4981,90214,864799.2159134706
5,2.5,1709,60193,305649.86900289514
2,2.0,5545,14715,961796.2751402531
4,4.5,1029,44162,312411.01433173026
4,1.5,4726,48458,827658.7848399957
7,2.0,4381,13140,840101.4422998697
4,2.0,1202,84174,273070.33291152626
7,1.0,1039,27383,249220.68765516137
4,3.5,1584,27718,379440.5623037351
5,1.5,2518,86160,451174.5751199714
8,1.0,5107,67399,1146333.028888483
7,1.5,1127,97008,280944.0195101366
3,3.5,5005,31863,947604.2029200939
6,2.5,3596,81626,691383.1270910766
1,3.5,4067,21377,839098.2776802756
4,5.0,1961,93031,491703.8411665508
2,4.5,1303,70523,387238.96254914236
8,1.0,1262,24870,278295.189487436
4,4.5,964,67487,332881.8729364791
2,5.0,1522,29300,280467.7554089188
6,3.5,4456,65951,860904.4195455152
6,3.0,775,77639,224481.67631364785
6,3.5,5868,82126,1138963.3833460214
2,3.5,5897,52980,1200000.0
4,5.0,1535,42050,359297.7901579649
6,2.5,981,12921,299336.950760984
5,1.5,5978,80270,1200000.0
7,5.0,5908,95293,1052301.243248464
2,1.5,905,40328,147600.5738463165
2,5.0,5297,70820,1016968.5597711501
4,1.5,2990,33138,594338.6738452015
2,4.5,2803,91573,488557.49498191365
2,5.0,5407,22094,1034594.4983581647
6,5.0,2065,75264,486585.4304853645
4,5.0,3871,19028,820467.144054247
6,1.5,1002,25432,290228.7014503611
7,2.5,5309,53819,1162433.596172897
8,4.0,3270,98627,873391.1417119821
7,1.5,2401,91122,504413.5692903244
8,1.0,3250,15312,726688.3805074674
6,2.0,776,35973,182914.74729837853
7,2.5,5144,65305,854088.0673268179
4,4.5,1342,38973,401942.18725319754
1,3.5,2948,54390,618678.6848395397
6,1.5,5002,26099,1013983.359806568
8,5.0,1350,59956,429451.0875678667
5,1.5,1468,24063,325846.17434763367
8,3.0,4662,91919,891441.5454603437
5,2.5,4567,19605,870536.6949983829
2,4.0,813,87904,250086.51089135077
7,4.5,2217,82964,489612.7893946419
5,3.0,3130,61205,556572.3077821534
8,3.0,3933,25817,883371.0781357203
2,1.5,2197,12420,441771.0700605435
1,4.5,1111,94448,286181.536453492
4,1.5,5682,79853,986546.0784235001
4,3.5,852,99897,260299.96941979186
4,4.5,4733,37728,1093261.3531627823
5,3.5,1228,67858,292616.57400558033
1,2.5,4076,59089,736302.4461245094
5,2.5,1586,94257,324663.75146782654
7,3.5,2325,38964,456757.35260000033
5,2.5,2693,86992,481075.9572971982
1,4.5,2301,52240,441543.5353153343
1,5.0,904,93449,270089.0844684497
7,1.0,4678,22675,709072.9798403386
1,2.5,2880,70049,536496.3636576644
8,2.5,4940,91664,1083566.1388451017
1,1.5,3407,58436,631590.6494402455
4,3.5,3486,50213,784857.5221667876
8,2.0,4054,38111,809410.0383388428
8,4.0,1624,14284,475283.73867796717
7,3.0,4912,27585,866605.947385103
3,2.5,3575,75039,649780.4045318975
3,3.0,1106,17131,253319.86180508803
1,4.5,5456,53382,1164739.790093722
8,2.0,3551,43527,727196.8586785834
3,4.0,1653,97493,343827.3420706168
3,3.5,3274,40936,791815.3850224487
1,1.0,3167,97081,600790.1845073163
3,4.0,2504,63441,623160.9067454399
5,4.0,4970,64598,963406.6611549797
2,1.0,5187,89220,1188237.3341256715
7,5.0,5522,30642,1038108.0085850914
2,3.5,5646,79907,977691.8535745079
1,1.5,3494,22651,707254.099687084
4,3.0,5874,11665,1200000.0
7,2.5,1700,16918,401131.8206067409
1,4.0,4261,33007,1053148.7750793262
8,4.5,2236,85730,474708.0738467738
4,1.0,2055,35035,434998.2715007217
2,3.0,4213,99352,789837.9786283338
1,2.0,638,98602,130416.62178036121
8,1.0,3684,86749,738812.9074660366
7,2.0,4839,98148,864949.0985991358
7,3.5,3331,32211,818874.3362293905
6,4.0,3015,64587,786791.4279136113
8,4.5,1358,36866,377980.71619553113
5,2.5,4942,17344,797581.619230998
3,2.0,3716,78737,666317.0883259269
4,3.0,1364,80288,346975.37662457867
8,5.0,3022,72546,500753.7667860132
6,3.5,1914,20327,365889.534534365
3,5.0,4902,58659,1122615.1137393743
3,3.5,4595,55797,931997.9906033955
1,1.5,4629,81627,741601.0277045151
3,3.0,4293,37608,822093.8410478879
5,5.0,3785,38285,729200.9855428424
7,4.5,3466,98534,920657.7793531595
6,4.0,1917,58634,459249.3491136049
3,1.0,1300,50289,264024.85586721054
1,2.5,4983,98479,827609.9472425036
5,4.0,2801,28007,615163.541923647
2,4.0,2193,35257,467314.9127703749
7,3.5,4587,95054,835864.1293256545
7,4.5,5545,39784,1161268.2807528623
6,3.5,4745,48588,837060.3081545956
7,2.0,1830,54221,489929.17195796984
3,2.5,3212,31378,755115.4005840919
1,2.0,3737,14696,860335.7973812352
7,1.0,2508,44635,418639.8615787297
7,3.0,2390,68543,537344.8963435852
2,1.0,3528,91259,621911.4884896739
2,1.0,1688,29207,341922.87390760565
4,1.5,5851,37524,993360.2850451325
5,2.5,2981,38554,694544.1926494224
3,3.5,4727,21817,974830.0397304661
7,4.5,5563,65258,1046174.5709734928
8,2.0,3545,72582,691647.2552961367
7,1.0,4169,10168,677201.7969430559
1,2.0,5962,52981,1036256.7430825788
4,2.0,5911,75199,1200000.0
5,3.0,1765,74948,453142.8316259401
8,2.5,1200,67782,381003.58032308077
4,2.5,2625,90759,484937.66361959703
6,5.0,2184,71599,523949.4089564339
5,4.0,1587,83563,380452.545873355
7,2.5,5910,26291,1200000.0
7,2.0,2565,63833,414652.4676404704
5,3.5,2039,97057,499786.87984281656
7,2.0,5215,97154,1098445.2024594038
3,3.5,1468,42992,318354.37844704156
5,5.0,2663,49350,494037.3036032502
4,3.5,1729,11573,383986.5714555963
5,2.5,4978,18577,957726.4548384161
8,3.0,5056,18712,948929.956394821
7,3.5,4329,39948,748621.6935069325
3,2.0,5754,87700,1146214.9366386447
3,4.5,2534,15217,524889.0021434068
6,2.5,5654,70178,1200000.0
4,4.5,1676,95062,418017.0998180294
2,2.0,5800,36409,968589.3899829958
2,4.0,2239,59040,454659.81365939183
5,5.0,1992,88270,469638.713889377
6,2.5,630,89066,160890.17566759698
1,4.5,1303,87930,343790.11307625275
5,2.0,1468,77035,381293.9455481814
6,4.0,832,19669,261101.94282754432
4,2.0,5753,68247,1095773.5241998879
4,4.0,5962,68975,1009790.550234768
4,3.5,1550,38562,372122.38713226776
4,1.5,658,31629,175083.31651967016
4,2.0,3418,71463,625230.9184178585
6,3.5,4200,56007,779651.2499711479
6,2.5,3749,28128,670130.1739599389
3,3.5,901,12039,236529.69630302166
8,1.0,3450,13857,799006.4499779794
2,1.0,3544,69019,584928.6845148903
7,2.0,2523,80486,601267.6946355097
4,4.5,916,99007,296040.1078716743
1,4.5,2488,90977,537557.7759825467
7,2.5,5864,22735,869107.3191069898
6,3.5,3315,97951,684286.7789798111
1,4.5,5385,44511,1109323.4206838843
1,4.0,2481,56051,432105.0952519863
1,4.0,4498,62693,676012.5356856249
3,2.5,4713,79152,717110.8955118051
6,5.0,1778,90919,482634.9181904848
1,3.5,4455,39756,922438.3487173121
4,2.0,5473,13894,931592.8397222138
5,3.0,5055,53232,935212.4492780421
1,3.0,931,63214,194838.2130606936
3,3.0,1127,79817,254915.10968226497
7,4.5,2659,73862,490354.9458131861
6,5.0,1698,40036,430349.41396263946
8,5.0,811,28584,265906.9303621472
3,3.5,2314,42308,594722.0471045844
1,3.5,3288,38333,622302.3741882674
6,5.0,2930,45949,624673.423876254
5,2.5,3866,94795,847047.737294433
1,3.5,5749,49288,1200000.0
3,2.5,1632,88588,326756.3431669094
2,1.0,1932,87807,434081.4231469704
4,4.0,2440,55267,553981.2471480569
8,3.5,5286,42175,1149040.9996238546
7,5.0,2738,18915,658934.0841508328
3,4.0,5151,91658,912856.7797345485
6,4.0,4691,82454,1141841.5138747583
8,1.5,1043,69722,247813.511950371
8,5.0,4774,75298,869567.930075793
8,5.0,2098,23805,507578.90981380484
1,3.5,1526,95134,308283.81387795374
4,2.0,1222,50517,358929.8797399645
1,1.0,2079,64716,362198.1022292558
6,2.5,3637,12871,862168.034494213
1,2.0,3985,47375,732763.5408515348
2,1.0,3918,55741,837874.2013569525
4,2.0,833,33148,238158.93529599716
4,2.5,2217,15834,504848.21459207824
6,4.5,3291,52680,685568.1591495697
7,5.0,2630,13399,548746.9407632147
2,2.0,986,74091,249621.63699148153
3,3.5,2234,31762,400416.6085651665
1,3.0,4733,61009,1032166.6555617863
5,3.5,1784,86493,372667.8725560042
1,2.5,2567,61548,474326.00028843165
8,3.5,840,38340,275069.00430105533
1,4.0,5745,71365,1200000.0
3,5.0,1161,91344,276025.8610410541
1,4.0,2599,69790,463521.56777653226
2,3.5,5501,77797,852788.4751103659
2,1.0,2529,21809,449994.7559019215
4,1.5,5500,27696,1143370.9477388163
6,1.0,3379,61457,639397.7777606915
7,5.0,2275,31891,593838.9086640722
5,5.0,3115,69151,783856.9665595304
8,4.0,2277,94661,518386.0380793965
1,1.5,4741,73008,916677.2705091917
1,3.5,4346,62488,812739.0050198329
3,2.5,3956,66632,771470.3745000545
6,1.0,2251,76533,416888.63569316873
2,1.0,4777,81889,772820.4354775164
5,3.0,4441,94239,817732.9851654546
4,1.5,3041,67942,576771.5876519849
2,2.5,5485,19275,944801.3245484536
8,1.0,1194,29965,296368.6193007155
6,2.5,3212,45854,638857.7950270355
8,3.5,4696,25973,1074535.214719986
7,2.5,2096,99086,438336.4802027254
4,1.0,4155,36878,683101.6148783788
7,4.0,5461,27105,1057853.6796857147
3,1.5,5366,74746,847410.5885879131
8,5.0,3958,91565,765770.5097266312
3,2.0,2201,49935,457981.2533710435
1,4.5,1514,42784,332997.25952693046
7,4.5,2444,41601,557538.4771712327
6,2.0,2595,49865,554092.3786796051
8,2.5,694,88701,245077.01389441587
5,1.5,1092,28616,274230.1969064344
4,2.5,3669,21654,811637.0678843581
2,5.0,749,27830,197478.03356070298
6,1.5,1646,26205,348515.9013215833
6,2.0,3403,52425,758777.0672699066
3,2.5,5934,87495,1033816.3061966812
7,3.0,998,97694,275252.3520212248
8,1.0,5550,87355,1200000.0
8,4.0,5076,45851,1064088.8892210603
1,4.0,1151,16952,259943.30151672754
1,5.0,894,99761,274154.222248745
4,2.5,1743,57405,481469.55335144495
3,3.5,1055,15391,260910.4801776514
6,1.5,2153,90004,392292.96710572526
8,2.5,768,72468,242361.80964947963
5,1.5,5405,25091,1100780.3975132038
3,3.0,2546,40237,550877.7406801769
4,4.0,5980,68353,1200000.0
4,1.0,853,84500,211920.1389882319
3,4.0,2976,50682,750049.6456359327
4,3.5,1920,59634,430065.91428781825
3,3.5,3483,36968,600308.6643596377
2,4.5,4207,64833,839472.2995299998
3,4.5,2725,50205,545361.9165327866
7,3.5,4096,86907,628218.6763921916
3,2.0,2840,52541,530966.2564648777
4,3.0,1000,38285,216872.2815026468
8,1.5,2756,62513,592377.2977564682
7,3.0,2976,25430,595578.78249431
4,5.0,962,19033,288062.6075733731
1,1.0,4538,29918,829544.6296195501
1,3.0,4451,28256,900530.4640493767
8,3.5,4012,58522,767827.4282749431
8,4.0,2906,74353,778554.5878227605
7,5.0,684,41188,256090.53651718996
2,3.5,2424,65134,539856.7808928976
8,3.0,4485,62657,991645.830043166
1,4.0,907,46088,187414.60883630547
3,1.0,4957,24979,958561.62136669
4,3.0,2521,78264,606487.9810018771
1,1.5,1230,60106,238400.30127880102
1,2.5,5375,11595,914306.9668233205
2,4.0,5560,42624,931677.5450887992
7,3.0,2971,77824,696749.1879629036
7,3.5,3900,50431,873114.4846422359
6,1.5,4267,27127,978876.0378894291
2,2.0,1326,27878,281100.6470234335
3,4.0,5956,82480,1184793.6678035704
7,1.5,2248,70690,430170.34708641516
4,3.5,4912,87838,960803.9803509589
8,3.0,1869,66360,460141.85174503614
2,1.0,5143,10207,785568.0379503078
8,2.5,918,11083,263541.0875531066
1,1.5,4075,61564,718634.264988985
4,2.5,3378,13311,807866.0555828217
4,1.0,3658,33135,611890.3284966128
1,1.5,5753,67109,926172.8942103408
2,4.5,4734,71354,789912.1009809152
1,3.5,2202,73647,507179.3702078585
8,1.5,2856,69301,440596.9543665801
6,3.5,1429,72233,392493.796101514
4,5.0,1455,92128,374021.2555198415
5,4.0,3248,56212,745144.4900600676
5,5.0,2458,99468,568347.683115828
8,3.0,1702,67776,393785.75530664
3,4.0,3081,94576,649909.3408660801
7,4.0,2420,81386,624302.7946634492
1,2.0,5537,61588,1088769.2330487464
1,4.0,2679,41716,469180.6191367463
3,1.0,3758,88255,728519.4017549376
3,5.0,3040,31777,527557.1376230309
8,3.5,4284,59285,741209.3532258815
8,3.0,1855,92558,414553.57712408196
3,4.0,3557,38788,658097.649984436
4,3.0,4251,14019,810058.3575802236
8,3.0,2839,85018,654587.1918690793
6,4.0,2539,56873,506336.46674656647
8,4.0,869,94116,251054.11613507557
1,2.0,5430,19895,990303.2741623629
8,2.0,4664,89671,919048.2605676217
4,2.0,5579,59013,1062390.2295520569
3,3.5,4375,69570,942143.1105436843
1,3.5,1712,85923,331914.9553433231
8,2.0,1248,92895,325604.2433548343
4,2.0,1779,57672,473733.8201705601
6,4.5,2742,16121,592048.7240099865
8,4.5,616,92445,325446.89936713356
4,4.0,716,77863,187314.36549858504
6,2.5,5678,28930,1176207.9683904801
3,2.5,2145,59987,543183.6699524665
8,2.0,3751,45502,835572.9525038012
6,3.0,3293,41688,802096.0776573423
1,2.0,4689,17304,786327.6837753323
3,4.5,5658,14049,1131105.8025230537
1,4.0,1876,24947,371411.11423778284
5,2.0,3840,19495,648113.5663468118
2,5.0,5542,34707,1034904.5920659113
8,3.0,4388,71920,766236.0952252626
6,5.0,971,54544,300717.7210814913
2,4.0,3407,40706,692771.6732923286
2,4.0,755,43993,217802.27181430417
6,3.5,3261,24987,716586.8998564729
3,1.5,1064,29089,212761.10957381196
8,5.0,5478,75997,1055834.9441007783
5,3.5,5499,19993,914908.1776706052
1,4.5,4915,21465,991674.1165285679
4,1.0,2373,92071,501824.85498570587
1,3.0,716,42640,150971.9665910001
4,1.0,2703,85997,471096.1518662878
1,4.5,1974,22366,459589.37282038096
6,4.5,3803,39895,781786.7690811906
5,1.0,5003,11785,844326.2481982035
8,5.0,4146,16242,810513.7817370774
4,1.5,4577,34529,1046254.8775796324
8,5.0,4917,74399,1200000.0
8,1.0,1796,16356,519826.1173914382
8,5.0,4011,33229,938159.5026959982
7,2.5,1396,95380,313006.66514308064
3,5.0,4492,28220,925381.8628601814
1,4.0,750,35651,170492.1466092974
8,3.5,3849,97663,760531.0628698299
1,3.0,711,98198,187705.18433281776
8,5.0,1282,71850,400977.83454669
4,1.5,1761,44261,406372.65682572516
3,1.5,2979,68479,547172.8774962068
3,5.0,5588,60700,1113661.8706239215
6,2.0,760,52380,185289.59757787918
7,4.5,2025,89833,571727.7806164455
6,5.0,4261,98324,745433.5035977409
6,4.5,877,37011,272241.93555055565
6,2.5,3991,58603,768516.0725221446
6,1.0,2156,28447,556795.3907141472
6,2.5,5192,93940,1006921.3332499674
5,5.0,2515,96677,464727.82137804566
3,1.5,5350,97843,903527.4663314302
6,2.0,3707,85877,587145.9150037096
8,4.5,902,84678,282521.4049248955
3,3.5,5133,74583,1058623.1851647915
3,4.5,3373,73056,636807.1969148194
2,4.0,4881,91468,901019.862403203
5,3.0,3845,22017,735580.9713215173
6,5.0,5368,47880,1097941.0451759524
1,2.5,5969,11355,972284.5097633153
4,3.5,1600,68936,436461.43608541216
7,1.5,4434,74608,914160.557049553
8,1.5,4606,91622,864295.6154396171
1,1.5,5378,97051,851246.4576327096
5,4.0,2318,89756,507318.39619819017
4,1.5,4430,57266,891990.9920825212
5,1.5,5620,64554,841041.8968043354
8,5.0,3781,68215,970860.1057923187
3,4.0,3482,70656,695600.0084216605
4,2.0,1598,64104,306834.6228406423
3,2.0,884,86844,244564.72878029497
8,4.0,1020,10969,337634.90112868015
1,3.0,2760,10254,560783.598007616
8,3.5,3665,20306,659298.7827670557
1,4.5,2875,75516,483234.52858311665
4,5.0,2094,78197,494461.52515043184
4,1.0,4484,90845,786939.1356942864
6,2.0,5223,28223,1145621.2272666234
5,4.0,3143,81441,793205.1433923001
6,3.5,4726,77967,857612.5751024041
5,4.0,4857,83292,958794.3114876404
6,4.5,2441,80889,503742.8092154068
3,3.5,5400,60117,925785.8922508874
4,2.0,1321,11737,232436.65117476875
1,1.5,2001,92404,370601.2549380168
5,4.0,1045,42476,291865.5076942638
8,1.0,3391,34325,703995.1031754027
5,2.0,5122,22326,985081.446889835
1,2.5,4367,22911,741486.402909563
6,1.0,3151,39080,731077.2587735736
5,3.0,2567,32635,567965.0054455278
7,2.0,4488,61179,992069.5548390034
3,1.5,5416,15213,884905.4415442745
4,2.0,3331,67142,595093.4831460027
1,4.5,3229,73545,604821.793799641
4,3.5,2564,37940,564201.9121293736
7,4.0,1657,58604,368522.78288571024
5,3.5,5431,98901,1035551.4712045435
5,3.5,1357,84332,366948.9526985731
8,2.0,2395,59119,439285.7081923646
7,4.5,2243,92888,554435.815205218
1,4.0,5449,71604,1146241.1992868835
8,4.0,623,26820,299745.23495987704
3,3.5,1839,86502,446123.84493524703
8,3.0,4750,77345,910592.9855197994
2,4.5,3697,49314,807699.3326985694
1,3.0,1904,50875,440173.07006643555
2,5.0,5665,81041,1200000.0
7,5.0,3142,80793,558896.4694764818
6,1.0,4312,90587,887493.8888068132
2,3.5,4555,14909,711714.6138550276
3,4.0,5129,24866,1074187.518637603
8,2.0,4903,52789,1200000.0
6,4.0,4828,75997,925553.8425955117
8,4.0,5915,38460,1200000.0
2,1.5,5981,58500,1096487.4690195064
8,4.0,1905,78769,491804.3444331657
7,1.0,5064,22128,922307.0957296136
6,3.0,3774,15202,627874.7380628625
7,5.0,5902,75327,1200000.0
2,4.0,4228,57965,785924.2482066904
7,4.0,1381,41238,431687.3376143672
3,1.5,1166,89258,266084.7604277008
2,4.5,5222,59240,922942.6981336991
2,2.0,4732,93583,801354.9281997891
2,4.5,4873,78837,1092382.1140621526
1,2.0,1238,64289,261075.03872186723
8,4.0,4300,42544,955277.8649757034
1,1.5,4767,70064,928203.7354558728
1,2.5,2999,91176,573515.1874897989
3,3.5,3270,32413,633901.6947120177
6,5.0,1772,92341,485827.5866065525
8,3.0,2320,95669,442490.96916088276
7,5.0,704,58899,275589.53753136867
5,3.0,2282,96891,466634.5952096695
2,4.5,4916,98765,906024.110746257
7,1.0,2449,79969,561682.4253117106
2,4.0,1462,43033,379056.56565839925
3,2.5,4045,11378,785186.8091482087
2,3.0,3165,16503,634963.9668653668
1,3.5,898,52774,253410.79113025154
8,3.0,3508,69608,767022.1493304681
5,1.0,4737,43617,744461.4383423514
4,5.0,1370,14814,307126.100604842
2,1.5,3139,68335,678246.8174861138
7,5.0,2062,33763,566682.9555724075
1,1.5,4454,20000,668713.025246982
4,5.0,3718,90824,632074.059332037
5,3.5,2732,13274,581454.2354289222
4,5.0,2309,59868,509585.9841534994
1,3.5,1590,64232,362195.9835899358
8,3.5,1310,24227,330531.72042303917
8,1.5,4904,27279,849488.5623102111
6,4.5,5967,84904,1200000.0
8,2.0,5930,74940,1026769.3182162386
6,4.0,638,52736,201148.83935027217
4,3.0,1875,19651,401219.1730463002
3,2.0,5457,89439,1005862.0535136574
7,1.0,2036,94463,510808.8710384479
7,4.5,3593,17771,909339.0418047939
4,2.0,2069,88996,389688.86671431933
2,1.5,2699,80173,417366.2983361508
2,1.0,973,50834,214974.04023869504
8,2.5,5626,13553,908711.8995851213
7,4.5,4851,44117,996021.0405863645
7,2.0,4625,99116,966152.9900318156
6,1.0,1713,87058,447181.77948297106
3,2.5,3326,72137,593681.3041323614
1,5.0,2998,44890,583682.2862775816
2,1.0,3834,89428,823521.0543301267
7,1.5,1865,18689,393079.7771654152
6,5.0,3723,38063,772780.4146717945
5,1.5,1253,67198,324647.8297049394
6,2.0,4758,89598,1138387.5017871163
2,4.0,1108,11363,288293.3491321363
2,2.0,2939,26691,571698.7852168983
6,5.0,3762,12751,873773.4639024534
1,3.5,2287,17782,439973.07036639337
4,2.0,1988,93184,482528.59425555076
2,5.0,2797,22540,609533.94415341
6,1.0,4511,55991,808369.9711213014
7,2.0,5990,80875,1200000.0
6,1.0,3528,37609,601714.9160658144
3,1.5,5835,66655,1049454.5843674825
4,4.5,5399,81384,905577.766930079
5,4.0,1115,73177,330623.2613104309
1,1.5,4258,68396,908688.7801891693
8,1.5,2433,26877,484073.25186090305
5,5.0,5960,28405,1037394.8307815894
4,3.5,629,58629,176581.98863467702
4,3.0,3814,56233,726728.0807691624
4,3.5,925,31471,236119.79795895336
5,5.0,4366,13302,808388.2826361846
7,4.0,4711,89973,1175666.6968822642
4,5.0,710,90048,255073.24805560708
6,2.5,706,33511,215810.99867342814
5,1.5,3026,15022,514055.15587715525
8,4.5,4978,53239,1106487.8251438418
4,2.5,4964,81691,928066.5665776383
6,5.0,3131,69269,611988.7471229356
7,2.5,3744,68398,841654.2364310708
3,4.5,5916,71895,920710.9647725452
7,5.0,5962,79890,1200000.0
8,5.0,5293,45284,1141498.3183893573
4,2.5,1398,58640,306727.8957692352
8,1.0,5978,85692,949129.6541029576
5,2.0,5868,32453,1177857.7150318697
2,5.0,3037,99294,656117.421681942
4,2.5,2611,84374,587017.6778772108
2,3.0,1025,47976,255656.3434958806
6,4.0,3644,23725,721613.2124563647
3,3.0,3888,84873,686188.4608878171
1,2.5,3514,86237,537464.8138565625
8,1.5,1839,53043,440718.6398524252
7,1.5,3991,87080,651055.7990218238
3,2.5,4813,74990,978248.8340478365
4,5.0,4597,97050,980003.7032142911
2,4.5,3606,91863,669114.3108286317
7,2.0,3639,56809,739304.3168137512
2,5.0,1198,26705,337524.12423632457
5,3.0,2687,73131,498394.50193809834
2,2.0,1784,86015,341431.0563399741
5,3.0,3350,72456,637195.457795488
6,2.5,3184,86859,656820.4270977296
7,4.5,5359,88473,1043162.817404019
7,3.0,4113,33089,610347.9790273383
1,4.5,5345,77238,1126323.505462013
4,5.0,4654,85940,957963.9911258358
5,2.5,4983,83916,820434.0240528884
1,4.0,4536,97526,978480.4795855366
2,1.5,2299,71396,531520.5284136387
2,3.5,5107,13877,916990.9696903842
1,4.5,3175,94256,711961.5965523401
7,4.0,5737,83212,1200000.0
2,4.0,735,41818,166922.22207334568
8,4.5,2625,58555,497709.0826462738
6,4.0,4135,52368,875225.9465106229
6,3.0,5454,58180,926517.4190109008
8,4.0,5967,99666,1200000.0
1,2.0,3490,59421,582699.5571980892
8,3.0,3357,36620,860537.885033243
5,4.0,5720,70539,874981.586847536
5,5.0,4373,27077,991724.7576012586
1,1.5,980,22663,226234.48527401473
8,2.5,2128,93335,554651.6614024675
5,4.0,5501,57285,1164469.0471986025
7,1.0,5171,61235,757413.3909957132
8,1.5,4228,27619,954647.6904396458
7,5.0,5649,79503,1035670.7290006223
5,4.0,1448,67477,348649.8965172287
6,4.0,5592,37488,1027141.1961942755
5,3.5,4727,88747,927680.1638804146
7,2.0,2527,31169,469551.0482998246
3,2.0,2765,40373,528681.6100855811
4,1.5,4886,42669,1012434.9076009077
2,3.5,2721,65277,524523.7168838026
8,2.5,5318,82170,950915.9875983098
3,3.0,5822,65120,1192939.09835447
5,2.0,3518,76376,661911.7137684334
6,3.5,5281,64235,863281.6377719028
1,2.0,1072,44229,213367.41759821412
5,4.5,2387,96854,460721.93930460414
6,5.0,713,25405,251969.38298197425
4,2.5,1936,25847,404704.6654860925
5,5.0,938,33547,291698.2042827543
7,4.0,2885,16575,530400.2098204835
1,2.0,1796,14843,403773.4574207605
6,4.0,678,17739,223665.0196035001
6,1.0,5159,24852,810658.1860392964
6,2.0,3252,61661,664006.2814784821
4,3.5,5257,19157,1141726.7327077694
5,2.5,4980,97942,947597.7719577183
4,4.0,4918,82968,891856.9989410839
8,2.0,3240,28837,612007.1311925758
2,1.0,5985,90684,1040002.5930437823
2,5.0,1856,86730,449874.612579159
8,3.5,1427,24819,361374.7009559836
5,4.5,3318,82161,679694.574468525
7,2.0,5523,17404,888130.4607794392
4,4.5,3410,24674,797550.1147191256
1,1.5,3985,86043,660298.3183966419
6,2.5,2565,95923,533705.2986754255
6,2.0,3027,28697,619887.867244307
5,1.0,3441,95083,820786.6705675445
7,4.0,1213,70663,348182.48780554626
2,1.5,1162,33570,239040.84223715303
2,2.5,5426,38037,1069886.872975272
6,5.0,4952,47982,1040775.7486326582
5,3.5,784,78524,218807.21058824458
4,4.5,2792,15156,551887.921102275
2,1.5,4665,48280,816930.6060476206
4,4.0,845,85324,266029.06493745436
7,3.5,4686,70706,1098839.8119379517
2,5.0,2834,89721,581746.5520736328
2,4.0,1465,94270,344925.5838739294
3,1.0,2687,19971,483610.70137751376
2,4.5,1200,63140,278285.11703041935
8,2.0,5657,53408,1055338.3953918354
1,1.5,3633,62022,698393.3338924798
8,2.0,2656,16487,601158.2971263865
5,3.5,2731,30997,577829.6907839179
5,2.0,1132,56456,307009.58701801795
4,3.0,5684,87988,1161588.0172403418
8,3.5,2642,90908,526625.45908388
8,4.5,957,69416,346043.9825832444
8,4.0,977,54767,349555.4754536366
7,4.5,2819,88970,508336.9685187679
2,2.0,5744,87952,1021142.0777672108
1,2.5,5088,94784,934741.3023651466
4,3.5,5822,38194,1168694.9274538867
8,4.0,5397,43785,1200000.0
8,5.0,3907,68676,1050870.7907456344
3,1.0,3196,18373,484272.4441041893
4,4.5,1383,40283,389960.5444296177
8,4.5,2979,65911,620172.0482329819
4,3.5,4203,36414,897673.8043004449
2,2.5,1582,24378,322126.5558675306
3,2.0,4542,93872,1093874.4305508682
4,2.0,3190,14700,664166.180546345
1,3.5,1642,74143,342377.1728885016
1,4.5,5867,73229,1045963.8062628895
5,4.0,3138,23901,825539.7958860426
3,1.0,1461,32597,322379.30047120876
3,3.5,2476,43428,527623.9183303895
5,4.0,2435,45687,501318.92402220535
4,4.0,4808,39493,1113912.315794764
3,5.0,4126,61224,861423.555781871
1,3.0,2285,41852,470570.2730155767
1,1.0,4001,20932,597449.7677294266
8,1.5,2222,98545,568203.4857555665
2,2.5,5557,74202,979825.4320356289
3,3.0,3257,43583,620396.3792272492
4,5.0,2532,57278,593473.48869712
5,1.0,1107,39865,204098.47611307155
5,2.0,5161,22289,985341.4833960825
4,3.0,4078,80270,926372.1797878657
7,2.0,3256,95549,668348.6887273311
6,2.5,1721,45521,289381.9728006279
2,2.0,889,16505,213830.7658804645
5,2.5,3429,54327,636918.7753840974
3,1.0,2809,75519,472040.17787820066
2,4.5,5412,80221,870538.4501106553
3,2.5,2000,28409,410915.7598544414
7,4.0,1166,29517,331671.99999129877
1,1.5,2073,54533,313264.6706866496
2,1.5,5689,40475,913107.0694785631
8,3.5,5836,25327,1200000.0
5,1.5,2587,65344,622759.0298754842
2,3.5,4387,13671,1046958.9967452895
2,1.5,4465,80477,839578.223580271
2,2.5,3860,88002,711963.1829038863
6,4.0,4147,60756,777182.7283068644
2,4.5,3851,93822,607153.2243037587
3,2.0,5900,54959,865284.1138208418
1,5.0,5654,80124,1162455.8540773238
7,1.5,2316,38080,575667.5208844666
4,4.5,1612,34544,401220.7185295901
2,4.5,1910,86347,374347.5166168155
5,2.5,5170,28733,910401.9038387199
2,1.0,1217,64211,295382.650393902
5,1.0,5336,50696,846186.573904361
3,1.5,4857,58093,793034.6778840036
5,5.0,2582,57042,491335.7212877221
8,1.5,2828,63516,573206.7992008004
4,1.5,5420,47487,887260.7342856906
1,3.5,1068,50849,241192.4459637404
5,4.0,4716,24550,885350.5424955342
5,4.0,4955,86400,923558.7322289337
1,5.0,1739,94597,359115.4388692189
4,3.5,2036,59699,434896.8159597325
2,4.5,1136,88160,237380.40898359532
5,3.5,1551,78897,397441.3239014277
1,1.5,3413,23707,612932.7630159826
8,1.0,3606,11924,750173.7411794963
8,3.0,4594,88183,845899.3143185633
3,5.0,2440,39018,489667.3246003333
1,4.5,1450,97163,354556.0263887113
3,2.5,2571,31031,503837.27279883425
8,3.0,5976,75164,1174931.72781193
4,3.0,1791,78237,465121.6552612894
2,3.5,4520,59573,821478.2450869434
1,2.0,5228,26719,1061503.4270589158
7,3.0,2662,19718,605810.4944273995
8,1.5,3646,10056,827477.6937983416
8,1.0,4999,25352,884526.293257732
7,1.0,4158,57820,818589.9375996504
6,4.0,5111,78683,1003701.9828674308
8,1.5,904,79073,248472.51292418758
5,2.5,5508,98348,1017473.6750081657
4,3.0,3447,10721,863732.2845949346
1,4.0,3035,92305,730224.9990201639
7,1.5,3404,61969,658201.1967927003
5,3.5,2584,50194,481724.75061009335
7,1.0,4536,56556,931618.5480037442
1,4.0,1312,56775,303553.13393937895
3,5.0,3495,89882,630997.2739483645
1,3.0,2281,49883,519854.99766355834
6,3.0,1933,20911,409809.1297264081
1,2.5,3798,75795,722172.1957438724
1,2.0,774,30872,134196.06749705927
6,5.0,3805,84327,910223.7630949231
4,3.0,5785,83072,1133068.1618407266
8,4.5,2016,95968,538618.9574527981
1,5.0,2587,54537,548759.1920394582
6,3.0,5453,95077,1196206.1963127404
5,5.0,2372,26860,486488.0569991259
3,1.5,4866,80819,1045559.1788443866
3,5.0,1674,40743,285421.94012600125
1,2.5,5360,52559,969926.8134502782
4,3.5,1191,82941,280539.2024234129
4,3.5,3578,42205,757954.9257144971
5,3.5,5864,99944,1168433.8435363024
1,1.5,4582,27645,777458.7518347672
3,4.0,3010,81859,537056.2933624887
4,3.5,1447,81473,291374.5119174232
1,1.0,1093,60734,206304.58577886363
7,1.5,1145,40431,363882.2773944116
4,4.0,5599,70914,1059031.1176780364
6,1.0,2886,27882,489023.85879875376
7,1.0,3297,88539,707705.399837289
8,1.0,4437,53346,808887.4749363908
4,4.5,2140,22979,458276.81066421024
3,2.5,1483,54828,371882.7288133569
2,2.5,4556,17228,1014677.3872546101
7,1.5,3694,84836,587439.6720226723
8,1.0,2965,84217,620417.3678151582
5,5.0,5600,83803,1200000.0
5,4.0,3947,80908,736426.9202182388
3,2.5,3671,48918,616593.2238020486
4,3.5,4275,20920,1024139.603716905
1,1.5,5315,92392,1006872.3768171519
4,4.0,1552,37785,376401.36186415737
3,1.5,3900,92757,818666.3654328145
5,4.5,4335,35178,959925.0198141196
4,4.5,3779,81997,677044.9348203563
5,1.0,3563,93401,702962.433802117
7,4.5,4627,24052,872196.6382508074
8,1.5,3847,82868,731265.8591993996
1,3.5,5015,59383,897554.9829814354
7,1.0,3957,10327,625801.5542764062
5,3.0,5571,98301,1197462.0920937583
5,4.0,5448,80775,980081.6866527058
2,1.0,3304,85614,679721.8823147202
2,1.5,1637,17038,372388.25092650735
7,4.0,670,18048,212433.0172286379
6,3.5,3474,24954,716966.3686101853
7,2.0,705,67541,185487.84099910854
2,1.5,1369,55471,282355.6974806664
5,2.5,2609,78315,504679.1770897551
3,2.0,3540,23225,836109.2442055035
7,4.0,2792,95256,721285.3995233442
5,4.5,4095,23531,915766.279405997
3,1.5,4911,80871,753657.2680852665
3,4.0,5812,19530,1200000.0
2,4.5,4955,69035,966399.7126799843
7,3.5,1533,34791,380027.4315511604
4,3.5,1174,11649,352933.2233168798
1,1.0,4530,23472,700831.5506839595
2,2.5,4980,78398,966999.8252822707
2,1.0,4687,37134,781978.0272293707
4,2.5,3131,76453,664721.696873802
1,1.5,3019,22444,642246.0394958612
5,3.0,669,51121,185156.68152156076
6,5.0,5074,96057,1095113.230114395
7,2.0,1902,48217,426447.8573844257
6,4.5,4414,32066,982937.3637853101
5,2.0,2949,78347,590820.7704237917
8,3.5,854,46189,288263.7595488021
2,2.5,2307,84826,466535.62460288557
1,4.5,5387,73477,934616.2348661799
2,3.5,5983,45489,1200000.0
3,4.5,1433,37284,298664.4006812459
2,1.0,3364,34698,712008.3764030865
2,3.5,3071,53660,690896.2449455484
5,1.0,4342,29637,689272.8748751705
5,1.0,2635,58024,547213.9799173757
5,4.5,2567,70405,546075.4624156981
6,4.0,699,71305,211124.41584279347
3,2.0,2452,43556,467910.784870771
8,3.5,3783,92176,911493.6077452592
8,5.0,2955,79561,562915.6424660041
5,4.0,711,82277,256609.94505126931
1,2.0,3758,13654,699760.1644260503
6,3.5,782,50428,232507.78051132747
4,2.5,4452,48036,906723.8810453152
1,2.0,764,54549,140195.88079153872
7,5.0,2737,75355,623952.9692803902
7,1.5,2623,72119,514436.21594058076
1,1.0,1054,99096,193231.05619944743
5,1.5,2885,56257,557493.0224169344
4,4.0,5422,25987,1016166.5956518291
4,1.0,1141,30810,254810.4271722632
6,3.5,5717,30311,1166005.5087334672
4,4.0,3265,64478,780223.1639785679
7,5.0,3049,44920,768239.9856002335
3,4.5,5537,18738,1195758.499947232
5,3.5,4533,83424,884109.7438528987
4,2.0,3486,72232,697007.1400060012
6,4.5,5214,15474,1022173.1041648935
7,4.0,4892,69026,925533.4219187853
3,2.0,4504,76024,814141.2986976734
2,5.0,2288,60974,515385.11921488715
2,1.5,5695,34144,1042478.34532605
3,2.0,2237,15622,548381.4259952694
7,1.5,5328,62273,881488.0791666295
6,1.0,5270,49214,756852.3161393886
3,2.5,4682,67993,687971.3396940843
5,3.0,5803,35223,1100829.7865029161
5,3.5,5734,31865,1093348.1623852185
2,3.0,2490,84108,520212.02436339593
4,1.0,3805,73649,671184.902293213
6,2.0,1077,53026,331222.33786406793
2,1.0,2966,99037,505896.4981406904
4,3.0,3126,69207,726031.4342642449
4,3.0,966,36866,281913.1573483742
8,3.5,2436,22416,622127.2069843357
5,4.5,2315,35775,448866.6141989864
7,1.0,612,39080,225550.18269936892
1,2.5,1135,80423,213259.73113022986
7,1.0,3839,29374,687216.5335448199
1,5.0,2917,68451,678311.4736243153
3,4.0,4642,62599,947376.7330301567
5,4.0,975,92141,273250.76096620987
4,3.0,2324,25684,470831.8785269406
6,4.0,856,34002,303373.9425370373
1,1.5,2864,32972,540305.5021274701
7,2.5,1049,76153,282349.959962499
4,4.0,1493,56404,320719.2367096861
1,2.0,3812,16309,628413.0887547142
1,1.5,1784,94675,366484.6767535243
8,1.5,3823,78326,603544.4974788408
1,1.0,5979,17826,1200000.0
6,3.0,1908,22134,560685.881193462
5,3.5,5305,29693,961280.415781823
6,3.5,1516,14054,324359.16702712455
2,5.0,747,26090,205772.33544894395
4,2.5,5351,99344,953939.1094995795
5,1.0,2714,25569,501654.4123199065
8,3.5,4616,42227,760314.0444550217
5,3.0,4540,16508,1039964.2285728456
5,3.5,4671,26608,948669.1493377737
7,2.0,5998,99059,1124008.741586732
5,1.5,3395,85969,620935.1958307235
8,3.5,1042,34520,312064.02535425895
6,1.0,3544,87424,712456.8749276579
5,4.0,4536,40932,878458.8702142497
3,4.0,998,29734,279056.29265839345
4,4.0,1751,79363,412109.79003377585
5,1.0,4392,60555,939178.3540080484
4,2.5,3595,26257,743167.0308065142
3,4.0,2816,42194,544128.7495219446
3,5.0,2307,26793,470819.45681568567
4,3.0,3931,44684,819816.5620659187
1,1.5,2587,63219,420459.35635105474
2,4.0,5202,12859,1024383.1204810091
7,1.0,3168,49840,576470.7809671891
1,4.0,760,69327,184233.00441454176
1,3.5,5035,44819,895583.8458724611
6,4.0,4504,95621,981264.5298625386
7,2.0,4173,83750,966190.0455639404
7,2.0,3777,51704,700283.8185770473
1,4.0,2425,76137,496498.34225721407
5,1.5,4524,70379,714310.1271276363
6,1.0,2223,34318,456477.77757417265
6,5.0,1776,90987,389069.4149840745
3,5.0,5518,73956,1065912.7756615474
8,4.0,4320,15274,837875.1547304371
7,4.0,5480,28226,895602.6756776827
1,2.0,3820,53634,633889.3689590095
3,1.5,3859,74501,582688.944873579
4,4.0,730,29046,244245.43165199703
2,5.0,4162,84210,848174.4632965086
8,1.0,2099,94559,378834.44418170344
8,2.5,3388,31910,770991.9064534837
8,3.5,5476,21503,1200000.0
6,4.0,4308,58392,1057080.8060932374
4,4.0,2307,71472,451406.49983196513
8,1.5,2369,80904,518437.22848865704
4,2.5,1918,99063,458665.62919627194
5,3.0,3979,55335,867177.452163143
8,1.0,3373,32487,722544.4785896897
2,1.0,3590,46593,527094.5757037369
4,2.0,3644,85927,689489.0645198018
4,2.0,975,19874,294031.90300252155
2,4.5,3636,64822,683353.9705060399
8,5.0,1260,63948,459005.3638528008
2,1.0,2003,13608,382075.8462740416
4,1.5,1340,64501,307537.0479903597
2,1.5,903,63912,220792.47817079793
4,2.5,1685,37546,401525.4047879461
4,1.5,5481,78203,834779.223416155
5,4.0,3779,72496,684138.7262256448
1,5.0,1810,65186,449873.08899642195
4,4.0,3634,52346,738479.88172612
8,3.5,828,15230,211261.80407411724
3,1.0,3719,35720,707721.5405587765
6,5.0,2454,53023,587765.3246367845
7,3.0,867,47602,247150.163523493
1,3.0,3374,77082,683434.7674945898
1,3.5,3449,25050,754135.3194023707
1,5.0,4949,61315,761804.1378611447
5,4.5,5565,62164,1200000.0
4,4.5,2734,40134,494594.105591111
5,4.5,5900,25640,1200000.0
4,1.0,5744,96364,1200000.0
8,1.0,4059,71671,687784.0511385867
5,4.5,2869,24284,602307.6221682959
5,3.0,1589,70526,382108.9938866994
6,5.0,5092,13423,1066667.1895550657
3,1.5,1537,38577,396045.060325385
5,5.0,1039,68900,384546.29419107136
6,4.5,2958,94606,646835.7926149904
2,5.0,2607,77868,518171.45805720834
3,2.5,3945,16066,822805.0896670066
8,1.0,4730,93576,929420.3115879587
5,1.0,5416,67888,1006755.6700667798
7,3.0,4343,18583,762959.2383960476
1,1.5,1118,48057,234868.62525911815
2,4.5,868,32604,284280.7006010324
2,3.0,5333,36564,1036715.2231580889
8,3.0,4785,71429,1073025.2959729505
6,1.5,5761,98393,1200000.0
2,4.0,1988,38941,476472.68724468705
3,4.5,2294,65511,534764.4371277452
5,1.0,3873,47962,821511.3654838842
5,1.5,1989,48573,431823.59978385485
7,2.5,4465,35692,850204.151223958
8,3.0,3629,68420,697949.822426617
1,1.5,2935,92415,578687.6140988368
6,1.0,4274,45763,708037.8681221474
1,5.0,5176,92013,909861.6925617391
2,1.0,1100,55680,197018.9832602872
8,2.5,2261,16393,542124.6014871337
7,1.5,2699,43488,636479.744958608
1,2.5,702,31459,162684.9940216422
3,4.5,3346,22554,611037.8557388118
5,4.5,3876,47867,809272.6397204893
2,5.0,3685,88104,625794.6640848753
7,3.0,4137,55015,898673.6049266459
1,4.0,1927,15057,307396.8410751825
6,2.0,3074,93026,584302.9172689251
3,2.5,2279,15305,499175.04095884843
3,5.0,4346,71276,794357.1896344579
1,1.0,3162,42740,707860.0735409274
5,1.5,4763,34118,734748.6972649517
1,3.0,3917,16674,576237.4839621818
2,2.0,3036,52331,522254.6455808909
1,1.5,907,25316,181611.7519756815
3,1.0,4596,26217,752474.3972797502
7,2.0,1689,77541,336482.03173654847
1,1.0,5155,24602,846361.7586411464
5,1.0,2994,97181,613890.8363837592
8,1.0,4604,23987,1098505.3513239822
7,4.5,1266,59915,311530.1276173704
6,2.0,5752,23543,1200000.0
4,1.0,4763,37944,896513.7373057359
1,4.0,2834,68241,621516.7972408271
5,2.0,1836,19144,509672.6810798992
7,4.5,2223,48459,677222.369439703
5,2.5,1974,49827,373219.8719197921
6,2.5,3911,40741,709480.8185182716
3,3.0,776,80015,189203.85795874332
5,3.5,1953,79734,450515.4528230459
7,4.0,3528,84627,864036.3907615667
5,2.5,1225,79741,326113.2043860961
5,4.5,3254,79177,548316.5800518256
5,3.5,4208,13543,772909.6679216034
2,1.0,4315,15591,849881.0188136584
2,1.0,4874,66395,847728.1242227926
3,5.0,994,70434,299341.9154937701
1,3.5,1768,39055,299449.00453123695
5,4.5,5571,16116,868471.4165512695
6,4.0,5657,65485,1045806.1449119521
1,3.5,797,76297,225991.57501957793
6,2.5,1568,12407,341219.63146412146
1,4.0,4508,41594,709147.2270057993
3,5.0,3755,76421,878861.6024690993
5,4.0,5364,45411,913892.9706021579
5,1.0,3104,86661,592900.2682912663
4,5.0,1876,97030,530591.0493199469
6,2.5,4767,65444,982332.4150267997
1,2.0,4918,97581,872804.1863661446
1,2.5,1869,97983,424848.4382355164
8,2.5,1964,36238,414260.1643624758
8,1.5,1523,51703,341994.21200197306
2,1.0,1070,45196,232245.56135836954
4,1.0,3616,87221,688033.6850552055
7,4.5,2654,22738,510730.375630811
8,1.5,4883,25772,886992.9279519739
7,3.0,2651,75270,581053.5044182735
2,2.5,3554,86169,656359.090475353
2,4.5,1748,33492,425336.37828743533
2,1.5,3686,64979,760017.5601486233
6,5.0,1559,60338,365787.40674962534
6,4.0,1229,74551,327494.83578676044
3,4.0,1374,46855,317749.82809581386
3,1.0,959,16228,189116.26342733877
2,1.5,1117,78367,211761.81501955094
4,2.5,1943,30045,374967.1461786748
1,2.5,2569,93668,550982.1885701488
6,2.0,5616,86591,858014.7273381919
4,4.0,3827,34318,702652.9805272607
5,4.5,3499,68458,730254.076156669
6,1.5,1534,23795,388091.381766637
6,2.5,2586,95184,528121.1659780262
3,2.0,5596,64524,899991.3041122672
1,1.5,5914,97694,1090092.5507800484
1,3.5,976,31747,226004.60318661883
8,2.5,4160,98770,895314.1301566358
7,3.5,2374,57373,571883.0754847404
7,1.5,2105,41560,453972.52938476147
7,2.5,5963,21282,1141148.0271171997
7,3.5,3254,43831,730580.6374230592
5,3.0,1610,73073,370178.7769466781
5,2.0,5890,33043,996660.78127604
6,4.5,4077,75322,876474.1304580603
2,4.0,1830,62900,423407.64494927827
3,2.0,1777,30929,339293.4998076495
3,3.5,4457,45500,884350.8251002419
7,2.5,2695,11872,510609.11007208214
6,3.0,2272,47488,514319.54613361275
8,3.0,2528,77505,514288.9406006384
4,4.0,4439,35460,845813.2934967005
2,3.0,3778,22155,812208.8188469186
6,2.0,4868,21870,900679.7016471843
2,3.0,3153,13717,620887.2126187125
2,4.0,3045,11374,677629.8276721342
2,3.0,4989,31826,915133.504477154
6,3.0,1151,84215,390206.1102340864
7,5.0,3497,23427,844642.0296213137
3,2.0,1639,74442,395172.3471692605
3,3.5,1484,99100,311449.85768303636
7,1.0,3651,44708,609438.9159001787
2,3.0,5922,34271,1137688.439457202
4,4.5,4829,73572,1091458.7781735884
1,3.0,5466,26631,905112.2015213396
6,5.0,4197,29887,800691.5315914019
1,3.5,3155,35259,517850.1691996119
8,4.5,1689,67987,402172.5402474922
7,4.5,5175,59630,910176.5229113501
4,2.0,5558,29144,968864.6011204157
6,4.0,1058,88191,326618.0729496184
7,4.0,5321,59060,1019857.895839414
2,3.5,4854,65092,948621.7296881786
3,4.0,5973,30836,1194594.4182337208
1,1.5,2607,76904,385908.3937434867
5,5.0,2520,54456,651948.9624450813
5,1.0,5635,46380,1037468.6206793974
4,1.0,5127,87735,751339.6510698631
2,2.0,5746,21569,1167807.387538112
8,2.0,1603,41182,372117.6218580162
1,1.0,3683,88651,574746.7180880089
2,4.0,2714,31649,483660.7779221768
1,2.5,3189,93731,596772.2647595534
4,1.5,2743,37003,556017.7179840102
4,3.0,4910,26551,932812.9514572966
8,3.5,2841,33826,654942.301970483
5,5.0,5580,34729,1179959.8637084782
2,2.5,2686,61696,421548.8584202361
6,1.5,1538,13868,349116.3246301525
5,3.0,5634,51274,942069.4742051185
2,2.0,4901,48718,832178.5082304509
5,1.5,4570,42353,734975.4207551186
6,1.0,5637,51682,924500.0145672655
3,1.5,4599,40653,705645.1919727771
3,3.5,5250,24141,1088988.5985063692
8,4.5,4008,21537,843618.7091201097
3,2.0,1370,40401,298380.63406254654
3,5.0,848,37387,268640.3118026863
7,5.0,5793,91690,1167468.647068426
1,1.5,972,16630,155136.84364607919
7,4.5,3526,53461,796435.6689220287
7,3.0,4457,90314,899035.024659229
8,2.5,5530,54293,886413.8637911999
7,3.0,1301,33070,384123.47392769397
3,2.5,2785,23416,595770.6854838468
6,4.5,1541,18629,376636.9270100591
8,2.5,4514,73444,1084194.257871738
8,3.5,5691,18360,1015023.3545212628
4,1.5,1393,22011,285143.2072755279
8,3.0,1277,50721,413859.65651081206
4,3.5,2161,46069,539590.7084920364
8,3.0,4653,63270,793692.3712016229
1,1.5,1052,21227,171881.20072221308
3,4.0,3066,49587,706942.4984096393
8,2.5,4256,71720,743301.5581466259
3,4.5,5834,54550,1200000.0
3,4.0,4746,78305,933700.2151180076
5,4.0,4354,86028,816718.0839867174
8,5.0,809,63651,288988.82982504694
2,1.0,5583,61332,1062408.6630121225
5,3.5,2526,78881,629165.039743865
2,3.5,5545,78201,1051144.0644716844
3,3.5,4566,34807,818051.7435094302
3,3.5,2477,53552,583166.1380130928
5,4.0,1226,87902,406815.77181226906
5,3.5,3326,84861,730218.7432222833
2,1.0,2058,80976,367175.5994824844
4,2.0,3424,67300,718089.6506581171
2,1.5,1850,36951,376743.87403392314
5,3.5,5358,30264,1156380.2503505351
6,4.5,4963,29121,941438.5493523526
5,2.0,2763,94351,595109.4934312388
6,4.5,2223,60539,437399.2190111469
1,4.5,2453,40311,490291.6513622011
5,3.0,1353,52397,275862.0656350285
1,4.5,2468,29749,566854.9324981495
4,3.5,5759,39218,909475.708455192
2,3.0,781,91069,211021.32309252105
6,5.0,2113,61591,552082.0907300258
2,4.0,1502,54133,393599.6489967317
1,4.5,3944,54867,844253.1960548315
6,1.0,5838,11316,1096225.0117580728
2,1.5,4053,47972,691342.6415233325
5,4.5,4207,96924,922204.0404712142
3,5.0,3156,89048,572190.7046588002
1,2.5,2739,76220,568105.9941653791
2,5.0,5880,87271,1200000.0
1,2.5,4844,52635,814326.7083596595
7,5.0,2764,61265,555619.2494591016
1,4.0,3212,60109,631295.3615086577
6,1.5,2621,58797,504298.85004974564
7,5.0,3421,18079,566903.5968220774
8,2.5,2881,70887,716003.704987488
6,4.5,2170,32412,607200.728255074
3,4.0,2572,45862,512333.1185967572
7,4.0,4586,94727,893436.1188658735
8,4.5,2844,24821,665153.898094006
5,1.0,3042,83118,682100.9528857656
1,3.0,1313,84548,255309.90273080638
2,1.5,4145,43655,786170.3348194165
4,1.5,822,54688,162790.19196458542
1,1.0,1463,64576,290541.22951578023
8,3.0,5225,90066,945378.3617632947
1,1.5,5907,95913,1162367.708392542
3,2.5,2025,62236,486664.37314851565
5,2.0,2904,55221,716059.6049762804
4,2.0,1253,97189,313808.00779490854
7,1.5,1759,95916,408272.88677029713
7,3.5,2442,76092,536912.326383279
7,1.5,1043,64445,288522.7407458674
8,4.5,3065,18900,739261.6279634463
6,4.5,5269,43485,892768.7580558158
6,3.0,5706,23891,1083141.6048550487
2,4.0,5036,25014,906397.6686860606
4,2.5,3457,82083,786239.3932635897
7,1.0,1880,47964,344817.3492564587
6,1.5,3639,61171,617838.157791474
8,2.5,4395,54739,857665.8512210905
2,1.0,4237,95799,736628.6526874196
5,4.5,4358,94856,870858.2104789276
2,5.0,699,53374,207255.35949328012
6,2.5,2686,49459,586802.5289876915
3,2.0,2910,17045,559785.3874053226
8,1.5,4845,53255,733794.4721037335
3,3.0,3337,61965,546410.4322705881
7,2.0,5839,11237,1139643.2463358734
3,4.0,2207,62195,471362.7209177841
7,3.5,3553,46326,616035.3955740221
7,1.0,4581,15293,1084337.2438751135
6,4.5,3794,35274,889680.9338897397
3,1.5,4939,29237,1065597.5062094065
7,3.0,5282,88347,1060898.6523718033
4,5.0,3692,28229,665444.3326855358
5,4.5,3562,88847,807555.3003692869
2,1.5,3262,98576,546783.0676900159
2,5.0,1455,66718,282127.29790886963
6,3.0,2746,78718,502288.24067596026
3,3.5,5525,59615,1200000.0
3,2.0,1986,81296,408885.71647181513
7,2.0,2316,82796,501769.3451515943
8,4.5,4751,11915,968074.6054714625
1,1.5,2325,84651,372435.14861248253
7,1.5,2553,62774,513436.4470791099
5,3.0,5741,17076,1195711.498713564
4,3.5,784,90350,219037.03313348844
2,1.5,1121,43083,235246.48348230988
7,3.0,2911,63918,630271.5091805719
1,4.0,1848,14793,432613.27054771327
1,4.5,2258,60528,393546.5421220136
7,4.0,5757,76798,1155338.497726441
6,4.5,1602,19319,432337.53934476816
2,5.0,3827,23194,728050.3988905388
6,3.0,3738,29309,774084.1718678698
4,3.0,2528,68396,450367.9953666002
1,2.5,993,36998,192385.59233628603
1,5.0,2217,13468,379880.5766314415
5,3.0,4241,22651,823068.6761849221
4,1.5,1260,30405,270130.3380201112
1,4.5,5850,24482,963309.2905520484
4,4.0,4764,14409,889019.4919242823
2,4.5,919,76083,239584.67387210444
3,2.0,2824,95443,620305.427404767
1,2.5,1183,33426,213648.84686878521
5,3.0,4200,64757,695347.71462919
2,3.5,5879,24436,963248.0013376046
7,1.0,1181,26490,229917.41946523834
4,2.5,4296,62136,866428.1527558081
7,3.0,2367,38962,570964.8292679857
6,4.0,2156,39288,423428.36588737636
2,3.0,2398,32236,498908.04419380304
7,1.0,4806,24923,771617.9678664145
8,4.0,1598,76786,444638.61948737525
8,4.5,1357,65891,358767.67933702475
1,4.0,882,23264,251497.2650498871
4,2.5,5766,77147,1046904.4019007533
3,4.5,5496,17928,1060972.047232907
2,3.0,730,44558,213711.70753455922
1,5.0,1893,66369,447948.2617028682
5,3.0,660,76403,194647.19943686825
6,1.0,2811,55213,602566.7866071949
4,5.0,2148,13816,548231.6323701729
2,3.0,4967,45916,944191.926103539
8,3.5,2381,57838,503043.31667744264
2,2.5,5963,21573,1095057.5625630117
3,3.5,637,53334,195775.69088548035
8,4.5,4231,94475,844375.4808249597
3,2.0,3264,75364,614814.7757366202
5,3.0,1073,23157,261520.22421180943
6,1.5,658,19322,202231.81592618968
5,1.5,3236,12482,611850.0292854401
1,4.0,3214,45867,610366.109517723
1,3.5,3214,89211,698085.0991150336
5,2.5,5599,87271,1042995.8262659536
6,3.0,5078,89386,871742.2114164248
5,1.0,2011,16732,448971.9496824219
6,4.0,684,50753,278193.3886519298
6,4.5,2133,44422,481944.1237289554
7,5.0,4397,86964,851675.6722955971
8,4.5,3274,66284,616045.8287552462
4,3.0,3473,21311,695738.0235375155
6,2.0,3720,79269,662061.7917565979
3,5.0,1690,49579,352839.9077460559
6,3.5,3434,83878,817227.9533708276
6,3.0,4824,86000,1079861.5968754995
6,2.0,2676,58514,466457.7845182501
7,3.5,3790,55311,731947.4964786466
8,2.0,5387,20300,1088485.821795799
7,3.5,4828,75375,987991.9507391623
1,2.5,1808,44563,367778.52028288296
7,1.5,4177,58960,855076.5346304778
3,4.5,5341,89244,1132872.086033927
3,2.5,3181,38090,643452.031054522
7,5.0,4387,26328,1084551.4550061428
8,4.0,1115,36654,276717.54291856295
5,1.5,2812,16214,490624.84641936625
4,2.5,3574,67740,692995.2160142767
8,3.0,1532,74949,305424.2109247904
7,2.0,2263,48913,465217.6054720423
6,5.0,1156,37552,389806.39290585346
2,3.0,2271,45377,470025.9868164111
4,1.5,1592,35734,371546.77194433
4,2.0,2228,28610,406909.25519918493
3,5.0,2291,67607,465214.41984287504
4,4.0,5452,89158,1030509.6753015469
7,1.5,1704,38875,404882.56371464784
6,5.0,1870,65082,428547.8746530663
6,2.5,3502,33226,585518.3537708865
1,5.0,5344,37677,998925.3394712601
6,1.5,2009,20298,416914.3584040927
8,2.5,4246,45848,764956.9352359584
6,3.0,5687,73654,1134080.0025179542
3,1.5,1930,27744,400978.71267664374
6,1.0,5323,33434,854900.4554949745
1,4.0,2654,58001,631159.1345214193
2,1.0,1553,77262,289242.5136814471
7,4.5,2442,69633,519257.61549984687
3,2.0,3402,58917,645473.4401368664
8,3.5,609,89804,291342.3146737191
2,4.0,3209,56745,609612.8367002183
3,1.0,721,10907,170340.23053188788
5,3.5,5382,68602,1100719.3132628116
4,4.0,3160,23764,700989.7662045873
5,3.5,3637,34409,707883.6780858063
6,2.5,1040,18390,289337.90917271236
2,1.0,3349,40172,625574.0280140969
6,5.0,1190,50542,293654.50037655135
4,2.5,1968,57324,469978.111150838
3,4.0,2589,58196,534128.4976837412
4,4.0,1961,78901,525022.2410118743
1,1.5,4373,35836,832451.7950949296
4,1.0,5903,31663,1079501.9774996592
1,4.5,2664,15951,573869.1243646329
4,4.5,3015,25175,524271.83201684686
7,4.0,3551,21027,863475.5454554243
1,4.5,3368,85630,663906.840030926
2,2.0,4016,98617,738426.6378541848
6,1.5,2176,22167,437134.7263978691
8,4.0,5603,84305,1092393.919997075
6,4.5,714,33060,217761.13031609956
5,1.0,1968,76556,378892.16606108
6,5.0,738,87381,285781.4969777362
3,2.5,5523,20485,1105330.2007194746
7,2.5,5541,83450,1030975.9868301122
4,2.0,3973,18802,833582.2348628117
5,3.5,1915,43314,529267.7141105958
3,1.0,673,58298,138698.33397750815
3,3.5,4446,29565,893063.6090024876
1,1.5,1083,54233,222301.5466479861
6,5.0,4711,95907,806715.5563404103
2,1.5,2149,58384,405511.3996886258
8,4.0,1959,62485,487270.9518676481
2,1.0,2496,94660,417447.1444714461
5,4.0,5846,88253,1030369.8474597129
7,3.0,4824,72970,850368.0092440726
2,4.5,1110,47669,321585.1413914496
4,2.5,1022,36272,246215.344335675
2,4.0,3032,21842,649046.1947493269
5,3.5,2506,74099,567588.7348230217
8,3.0,4927,12082,1003979.3379468505
2,2.5,1558,63804,388985.30410343123
4,4.0,1424,36261,279457.7923671066
1,3.0,664,96506,165764.19077792478
7,3.0,5528,19795,1200000.0
5,1.0,5310,55309,951180.238170234
1,1.5,3948,71456,762919.9362785935
1,3.0,1400,30180,275587.242917859
1,2.0,877,73288,172199.66824344438
3,1.5,2317,56335,411123.3647590109
7,2.5,3013,43268,623991.5170144918
8,2.5,1838,76551,415884.2673017729
6,2.5,5123,34489,909656.3972092957
7,2.5,2086,69398,480066.76482239185
3,2.0,5281,64470,796593.6619616018
6,4.0,3898,87402,750368.3157213238
7,5.0,5070,90808,918162.5529499411
1,3.0,3595,42161,840988.68389205
5,2.5,692,77635,192285.42183726345
6,1.5,4131,81922,948063.2246753816
4,1.5,5609,80874,1065828.0822805802
4,3.0,2440,70361,580793.1812616886
2,4.0,4127,83836,675158.9076545894
6,5.0,5997,70766,1200000.0
5,4.0,2221,31400,621925.1724338728
8,3.0,2161,34641,531075.5263831236
3,3.5,2016,62233,489042.37319217686
1,2.0,3564,79833,706054.1804316469
2,3.0,4790,29332,877907.6587286276
4,4.5,5654,25201,1020852.240715491
3,1.0,1730,55382,363872.7357549736
3,1.0,2013,56129,433687.3372477326
1,4.0,4197,43808,828555.0260529174
8,3.0,4344,88346,844079.196693273
8,3.0,2718,83524,671544.5510036629
6,1.0,1263,66625,280373.6810682085
4,5.0,5664,50327,1044141.5144121618
8,1.0,3234,29579,552985.6130088688
5,3.0,3374,31483,691308.5638456907
8,5.0,4569,10503,1125620.0865465356
3,2.5,5862,80880,1075143.6610916862
1,4.5,4090,18947,888755.5411474021
5,3.5,2171,19533,504895.98132090457
6,2.0,2123,57576,450705.05957920535
4,2.5,1587,50916,353274.4434677923
6,1.5,3838,56923,740475.5114144394
3,1.0,5921,65162,1183032.2185175018
5,4.5,4445,90729,828937.217691615
5,1.0,5904,76917,1105486.3397081543
5,1.0,4293,17012,929079.3524944193
3,2.5,698,25213,185932.79457430166
3,3.5,2888,37563,523932.6776579375
6,5.0,2114,25212,477585.423802398
2,1.0,4897,70188,986207.3411152713
6,4.0,1233,56576,298259.1644160936
4,3.0,5441,20711,803761.8964409836
1,4.5,5185,19515,1017726.295223703
5,4.0,1178,30193,266766.23648413894
2,2.5,4559,77667,923754.4557676342
1,2.5,872,12424,213389.25189409975
2,3.5,5938,54344,1200000.0
8,3.5,5481,73092,1029036.5755571291
8,5.0,4554,97359,899425.8402004101
7,3.0,4527,69595,995022.6636917533
8,4.5,1052,64626,418151.11894406495
6,3.0,1775,19200,442710.9546503682
8,1.5,5511,60469,921861.4426566163
3,3.5,1013,33031,240267.521420972
5,5.0,2150,13216,502746.8098811312
6,2.0,5126,55594,1012267.3549033091
1,1.0,5590,10016,911680.1651938715
7,1.0,2546,36378,618563.1799890661
7,2.0,5803,41734,902069.9180790571
7,3.0,791,88886,238705.3952293903
1,2.0,640,24450,129283.53800114003
1,5.0,2459,11473,547006.8687033466
1,4.5,1932,35525,433389.4377733194
1,2.0,4049,38572,654321.237421251
7,5.0,735,52028,273041.0220758384
7,3.5,4801,47079,1036833.4347316317
2,4.0,5214,68967,1092654.457290071
6,2.5,2541,62047,504783.3609759822
5,2.5,2165,40110,486737.0130916486
8,1.5,4821,11946,876060.2089541819
8,3.0,988,31943,234522.0317825091
3,4.5,2158,25740,492280.78799362376
7,4.0,2721,84712,538723.2767869727
3,4.0,1628,54651,328390.3740612442
6,3.5,4134,47269,798467.6108134871
6,2.0,681,87154,255337.27337255373
3,3.0,1375,48682,287768.59036552947
7,1.0,3638,34601,716284.3901935616
3,4.0,4973,42850,1040831.368860725
8,5.0,3487,51132,743256.6385693331
2,1.0,2478,60150,504175.79946023016
8,1.5,2871,15804,777897.8158332593
4,2.0,2207,95061,415328.75802549126
7,2.0,3739,62034,769124.3721707313
7,4.5,1205,55061,392865.2913362885
5,4.0,5335,37419,943703.7029412462
1,3.5,4014,33746,648836.4166038723
4,2.5,4265,88348,711591.2702022503
6,5.0,2744,77581,507363.03882412094
7,1.0,4870,35336,1021136.0374997286
3,1.5,4365,55952,660485.6463301679
4,2.5,1976,57143,545091.0887256108
5,2.0,4062,97204,799244.2250260052
6,1.0,947,69379,259535.97441814828
1,3.0,600,44320,201834.0644542362
1,4.0,662,46516,187258.42765382977
5,1.5,2383,69789,533123.4071871887
5,3.0,4414,81114,851798.1985871062
3,3.5,825,71240,251296.95572985394
7,4.0,1642,51798,414148.19601598504
1,1.0,1444,96615,261751.27107321905
6,4.0,3280,65920,731441.687166381
4,2.5,4719,76473,717273.4512847995
6,4.5,1834,75326,469569.9806672679
2,2.5,2584,83131,439135.40352191665
2,3.5,4856,10424,825125.6938365479
5,5.0,1878,73874,501232.192815366
3,3.0,2194,13051,403087.3214790303
2,2.5,3151,69481,637932.7392116926
1,4.5,2552,73872,471179.41625329055
6,5.0,2295,87774,433237.15063054825
6,2.5,1554,37786,460971.5470718492
5,2.0,3891,78230,756063.0263686454
7,4.5,956,79131,251483.45671772092
7,3.0,4195,11267,723017.3895918222
4,1.5,1568,75957,374034.8835657122
5,5.0,841,72645,288575.5284409671
8,2.0,4046,29650,780854.2262673976
4,1.5,4834,17017,797774.7248325236
8,1.0,2744,19849,683511.4241165735
7,4.5,746,99049,248555.88559701014
5,2.0,5776,72453,918025.8838507336
8,4.0,5761,59117,1200000.0
5,1.0,1142,67247,231245.33359431548
5,1.0,1291,54899,211032.04375564164
7,5.0,1625,51644,477285.51193549833
4,4.5,4650,77762,913537.0139075222
4,2.0,4605,14388,836767.5942936486
5,3.5,3959,77958,764515.0867312723
2,2.0,5857,49994,1200000.0
3,2.5,3551,84805,757574.0962788579
7,1.0,1329,87713,344664.94285387197
3,3.0,5099,87568,724693.0921671712
3,1.0,3155,82852,559482.156425825
4,1.0,1750,12843,352897.4589873504
4,4.0,2335,38015,456479.6685820884
2,3.5,1638,79647,350318.2250339338
3,1.5,3512,55231,682579.6753068487
3,1.5,5440,97579,944820.3942093293
5,4.0,3140,56546,601817.8489264119
4,1.0,5014,61055,881686.8866644414
3,1.5,1842,59577,359156.5749853119
6,4.5,1372,45169,345261.32193420915
2,3.5,2516,51709,624179.9306894056
8,1.5,4012,39415,599724.7661098718
6,4.0,3099,25685,639282.2636948939
6,2.5,4040,25963,881853.1083587568
8,1.5,5639,39698,992009.7477662739
7,3.5,4145,72415,907804.1931054624
7,5.0,1813,66400,378608.2762732754
2,5.0,3531,65450,655673.4322361449
6,4.5,1018,96962,273787.4946712266
3,2.0,4381,60711,824495.2046257701
4,2.0,5560,81571,1018489.2787473457
2,1.5,1388,82607,324784.34358036605
5,3.0,2471,30578,586411.3550116705
8,2.5,5190,38842,1024267.2693385474
6,4.0,5758,26531,877745.434082198
2,2.5,2625,12170,496025.5140650084
1,5.0,3046,17297,697509.8998210352
1,1.5,5423,14163,911880.9470993394
7,3.5,1160,50794,290948.34707192384
8,4.0,3251,51787,783724.1077471455
4,2.5,5848,67219,1069611.4760500898
3,3.5,4504,34448,904815.2691389794
4,4.0,1139,79152,220970.55124026598
4,2.5,5355,66437,1053688.3870440929
4,4.5,3736,38299,645693.7688838675
8,5.0,3889,51119,816224.2505080256
4,1.0,3210,87093,582147.9261118893
5,4.0,5512,48648,1021185.068181926
8,5.0,2544,24096,544461.3874834575
5,3.0,3745,84279,868710.2363039627
8,1.5,3358,17391,629376.2250974749
7,3.5,5911,84891,1054566.1296176317
2,4.0,3860,72830,624190.1725738415
1,1.5,4707,80783,705159.6263988953
4,1.5,2495,50286,551112.4040734902
7,1.0,3100,81826,549721.3467191877
2,2.5,3429,47595,571199.2144931441
1,4.0,4473,72740,904371.3215143267
6,5.0,647,60929,262120.87432663373
3,2.0,2964,42827,501814.74376275216
5,4.0,2856,36209,543106.7531024418
6,4.0,5272,90752,1007898.0589191153
8,4.0,1353,83396,439213.16805400193
1,1.5,5755,88961,1200000.0
6,3.5,3402,23806,689084.5230919408
3,1.5,5249,35406,1118586.0650759551
7,3.5,4252,44360,938969.5934507949
1,2.0,1002,90000,272106.1635679393
6,1.5,5826,48865,1187422.185458734
5,3.5,2686,16458,554432.0111937037
5,1.5,2827,19151,577475.4683030492
2,3.0,4010,64869,799626.7154131302
6,1.5,3590,82024,719473.6024980599
4,2.0,5243,34541,1042914.5847655057
6,2.0,1749,31803,443526.41539284436
7,3.5,662,53183,211485.75499412153
1,3.5,5539,54776,999130.910882933
1,2.0,3753,72323,583406.4400780074
7,2.0,1608,21170,422873.9682174757
6,1.0,2631,92966,560445.5607757921
7,4.0,1922,57284,428772.64875999227
3,4.5,2681,19260,613281.9201688723
8,1.5,1351,17636,351310.75622875843
7,2.5,4744,46108,947367.3495188724
5,4.0,1257,25941,302376.9232105434
7,4.5,2260,78971,479901.94384677755
1,1.0,1300,38355,268623.2996588742
5,2.5,1680,82836,412004.67792140384
1,3.5,2756,97719,585996.2264117311
2,2.0,2140,43733,405960.66545586375
4,3.0,3632,17444,764104.0346774631
1,5.0,2583,98598,469430.16142181907
5,2.0,914,24610,274477.33890518686
2,3.0,3681,76036,820201.1660609136
1,4.5,5713,14554,967386.112811822
3,3.5,5333,35545,1068227.583048652
7,2.5,2914,60139,587811.7340273185
4,4.5,2735,71971,584748.6341897761
1,2.0,2249,56059,363788.9984230059
2,2.0,3819,16771,772495.3674738792
3,2.5,4400,93035,854246.490212356
6,5.0,3078,79468,679967.3418341746
2,3.0,4667,36055,870425.7808250483
7,4.5,2375,47202,665046.1367140528
2,3.5,2566,37700,479110.82138908404
3,2.0,2367,13567,470324.48362780083
2,4.5,4415,77194,767566.0691660667
3,5.0,841,52836,293747.9054843469
1,4.5,5397,36627,1200000.0
8,2.5,3549,48568,667751.3103729299
3,3.5,5436,30760,1184900.892518829
3,1.0,5476,39985,1105119.770608853
4,2.5,2856,89944,534271.324700615
3,4.5,4711,50785,1010519.8132878934
3,1.0,3968,45583,742413.8395365854
6,2.0,5681,43738,984250.4204615345
8,1.0,966,34204,256422.00007575192
1,5.0,3427,88821,716723.5586314857
7,1.5,1852,26643,399747.5472606303
4,5.0,3087,80561,661535.6877865534
6,2.5,5385,47126,1192139.3837875864
5,1.5,4203,68126,961317.250188117
8,2.5,4121,92424,729094.5498903636
1,3.5,5755,55258,1200000.0
1,4.0,5542,44527,1041895.7434576543
5,2.0,5117,33898,889670.7041795846
7,2.0,2243,89923,559104.5511206608
3,4.5,1812,66912,396570.03038741625
6,3.0,5303,56435,899700.6715722599
2,2.5,619,13794,187978.57406579895
4,4.0,1275,79126,363184.1334042266
2,4.0,5077,24698,809440.6451188497
5,5.0,1208,22332,368105.65943133965
1,5.0,661,19593,223172.3142434088
7,3.0,1865,68132,467571.033055081
1,4.5,2885,21036,620667.9683989685
4,1.0,1754,89908,340281.5336934768
1,5.0,2228,63164,480789.38304856815
1,4.5,2226,29351,506116.6207935155
4,3.5,4316,68413,783732.2612165522
6,2.0,5842,28059,1125571.4542941563
6,2.0,5622,37188,941455.9099716665
4,4.5,2042,77852,455329.6560504223
7,3.0,2253,91795,496567.49401191465
5,4.0,3102,21829,574166.9458636163
8,3.0,3869,83673,887759.4938493299
1,4.5,881,34502,199860.74825154795
7,2.5,5581,37204,967606.2242099557
1,1.5,1624,11265,274505.6458509697
8,2.0,5418,45751,832888.6670176232
5,4.5,4003,97821,750548.319330224
6,4.0,1835,34315,461596.0709254029
7,1.5,4782,57457,720884.5097700965
3,3.5,5360,56875,1104710.641811192
3,5.0,5557,70359,1200000.0
8,2.5,1385,53420,363842.49658317165
3,5.0,3917,43379,721766.5620550362
6,1.5,2267,74102,423601.86206386983
8,1.5,3608,64664,880022.8660023877
6,5.0,3794,80960,679117.2816176591
5,4.0,5389,85475,1152397.8864577375
1,4.0,4375,69469,884494.2283190414
5,1.0,3046,44396,494783.5282176295
5,3.5,4390,23176,832447.2434307394
6,4.0,5950,75036,1072725.1330408503
8,3.5,1133,17907,300992.6514828039
8,3.5,1001,13372,326774.893877414
3,1.5,4263,37572,863054.181373604
2,3.5,729,34592,230690.38964818107
1,2.5,2939,23102,556574.43990275
6,5.0,4971,35642,959865.3829435363
3,1.0,3559,13139,658119.9370597901
7,4.5,2458,87179,510597.5013823841
2,3.0,3573,28643,660545.440524959
2,1.0,4750,70117,1034679.828003898
6,2.5,4249,38780,679833.1389907846
4,1.0,3386,92203,491790.11219281936
1,3.5,3697,70332,604156.7457497214
2,1.5,4112,40632,861537.574209025
6,3.0,5460,48493,1057049.294641868
6,4.0,1820,58352,397960.9756535482
3,1.5,1241,39408,303285.7011046934
7,3.5,3914,99838,745129.6429750187
4,3.5,1323,97157,284699.87652730703
1,3.0,5909,88755,883974.137614693
8,3.0,5497,35939,1031746.6178729167
5,2.0,1337,56880,352717.7075530145
7,1.5,5453,46843,1065009.099527291
7,4.0,1899,88314,534835.2419407747
3,1.0,4080,48930,650248.9399770745
8,3.5,939,39870,297678.22122634307
2,3.5,752,97657,212798.7606870184
2,2.0,2021,68144,339937.32680618204
3,1.5,3651,68103,738449.9594533524
6,1.5,1026,50770,254139.82023117662
2,5.0,4158,40158,626484.9828805036
4,3.0,1735,98992,393221.3894512964
1,4.0,2972,57401,613948.964903039
7,3.0,3929,22992,927421.0148036615
7,4.0,1549,35390,340378.92551992513
4,2.5,1973,55858,386046.8705658357
8,4.5,1556,26756,357231.08110529126
2,4.0,2301,31971,504930.13441870705
7,3.0,3541,17071,702425.203547886
5,3.5,3082,56517,584760.1891940361
8,3.0,1903,94811,500908.80021950207
1,4.0,970,16586,223569.91311187227
1,1.5,3580,29703,646403.2358688406
7,3.0,2896,86177,698718.3659866833
3,2.0,5398,46735,982099.1376538613
8,5.0,2725,76358,621400.5344783391
7,3.5,3566,49648,603580.5456031784
3,2.0,4745,22129,697262.1599530033
7,4.0,3342,91079,545851.4455207647
5,2.5,5688,46656,1038838.6189857813
8,2.0,4621,39665,756540.5215167351
6,4.5,2964,23499,737777.0994436046
1,2.5,5830,85888,1041880.8459993679
7,1.0,1362,29654,254743.20834798634
5,3.5,4662,85653,1142023.911056715
3,1.0,1604,96613,412341.4316166027
3,3.0,4355,79529,754980.7398321741
1,4.0,3446,28982,632620.9115095504
4,3.5,949,91848,227899.9082046805
7,1.5,3564,89874,728508.9338628406
8,2.5,1286,40173,312818.3454256547
2,1.5,5237,47525,1200000.0
3,1.0,3726,37328,733374.4279839293
8,2.0,5056,21360,1079524.2156825988
8,2.0,3355,32625,687306.8511751743
6,4.0,4124,54894,910674.6459480671
8,1.0,4224,26471,713564.0951965171
8,5.0,3332,49883,689852.9798513151
6,3.5,2293,12703,540456.7133313706
3,2.5,3492,86687,760758.1588157932
8,2.0,4411,61570,978719.2270987864
4,2.0,4780,79683,875061.0113748874
4,1.5,1284,75524,321235.96887569944
5,1.5,4940,44515,1026204.5747522388
6,3.0,3519,83768,602463.8049492519
5,5.0,4356,25151,853147.1344125696
6,1.5,3883,85866,745628.2405058978
7,1.5,5291,59190,977176.6426619998
7,3.5,4626,86812,999444.4404252411
8,1.5,1756,66195,354137.5641800678
2,2.5,3661,74108,584708.737306563
7,3.5,5045,28535,1200000.0
2,3.0,2929,53050,646657.2391586899
7,1.0,1892,42976,395991.87023803656
1,3.5,2484,10599,536268.5389462096
7,1.0,2160,67948,479311.94140385615
5,2.0,1583,69867,338601.404705928
3,3.0,2667,13709,513478.9225392296
8,3.0,2463,34110,563938.102747816
5,3.5,2579,59365,617246.0044944483
3,4.5,2336,15723,458201.8869355175
4,3.0,3052,65704,552483.6637377123
5,1.0,5834,37394,1150280.2660073347
4,3.0,2518,74120,557722.1964870379
2,2.0,1300,20316,340753.3123493024
2,2.5,4646,32622,775071.3644444449
1,4.5,2673,34844,499181.36345017963
7,4.0,5261,61560,964664.847540188
5,3.0,4353,69921,917368.2084121328
4,1.5,994,31162,198557.155991991
3,3.5,2556,38833,617308.1098206722
2,3.5,3648,27206,809908.6784954827
7,3.5,4052,61747,828535.091908242
2,5.0,1122,85827,263218.28007183946
3,4.5,2162,87195,495850.557331406
7,4.5,3509,65387,833732.0462582879
7,1.0,5802,35226,1075748.736641764
4,3.0,3449,16500,702829.0192716368
4,4.0,1149,11634,318783.1410455455
5,3.5,2068,24059,426677.20676248526
5,3.0,1432,80350,325897.2558422141
6,4.5,5082,14076,765687.7096897475
8,2.0,5658,48210,1140360.970571827
6,3.5,2021,35931,512697.65941107424
1,3.0,885,42007,219732.47678920775
2,4.5,3345,32744,572507.7398719008
5,2.5,4365,40396,897876.5236317726
4,4.5,5064,98619,1039708.9130543037
3,1.5,2045,59954,465392.3443644808
4,5.0,2066,76038,532909.7887548655
2,5.0,2376,22756,583892.9100943505
6,3.5,4255,89798,648850.3639178186
4,2.5,1514,20605,319675.2595199482
8,2.5,887,32416,278823.9525941065
1,3.5,4790,66558,867559.6355871028
2,3.0,2688,47487,540476.1814952862
6,3.5,5026,12870,934000.0324017134
8,4.0,2404,14758,562539.3017778518
3,4.0,1778,48736,311478.00476222864
6,5.0,3151,87195,824442.9986232992
7,4.5,4970,75138,955350.9393035015
8,3.5,2188,60250,503466.6917203369
8,3.5,2556,50558,596399.6019634508
1,3.0,2375,63092,554216.2606525914
2,1.0,5462,85121,974413.4907984394
3,5.0,1587,65604,384963.28519355337
1,5.0,1803,47039,409014.9762786317
6,5.0,3930,79859,831845.2538377375
1,4.5,1719,58745,331375.94863165286
8,2.0,796,15461,281048.91039002634
2,1.0,4575,50831,667338.9707889911
5,4.5,1125,61137,355632.4830730999
1,4.0,5327,44030,923525.6172689605
7,3.0,2010,15731,455068.5570251952
1,4.0,5103,31500,1022947.2723934185
6,2.5,1892,85439,452740.4705364653
6,5.0,1794,43117,400069.29287239036
3,1.5,2548,41174,455936.8574763407
6,5.0,4255,43208,704486.7465048626
4,5.0,5386,94728,1199884.6155932532
2,3.0,2817,89435,479662.35325907805
2,1.0,4854,94482,895219.1023329966
5,4.0,4180,78688,720318.8482735226
5,2.5,1617,35960,390541.2330074441
2,5.0,3753,20247,801395.8165336668
7,3.5,5776,36038,1200000.0
5,2.0,4190,37770,857838.0925035984
3,3.5,4807,82485,976957.2218045738
6,3.5,4669,74654,1024282.2467534884
2,3.0,647,77741,183703.50032292237
8,1.5,4263,67773,676627.5722113146
5,1.5,5071,93391,938466.6701877499
2,4.0,1427,62633,382974.8257624364
4,1.5,5322,29564,933046.3283481742
1,3.5,5722,88669,906742.6533213368
6,3.0,2689,28114,710938.6421611862
2,2.5,2656,42803,574551.7922657533
1,4.0,1418,69341,380596.81967233797
5,4.5,5352,33545,1027022.4742216086
1,2.5,4584,72759,1013410.7182213312
6,1.0,4280,86488,850653.5874917244
2,1.0,2411,78071,504839.55191681423
4,1.0,5485,63866,986756.8279367338
7,1.0,3714,80499,867941.7417502807
5,3.0,5850,88243,1200000.0
2,2.5,2229,73153,349268.3129797596
6,5.0,2143,22860,535469.7996844498
5,2.0,4179,89783,817986.3813721467
3,4.0,2504,92946,561964.7947116354
1,4.5,2036,27670,411909.670183135
7,3.5,5631,94766,850306.6967127857
6,1.0,3917,51280,734505.7219454217
3,4.5,4120,99694,647253.6234782874
8,2.0,3659,71439,636780.1257591919
2,4.5,4716,89423,782964.1444778662
4,2.5,1598,45061,323713.3011561068
5,4.5,2031,60764,609888.8934504383
1,1.0,5152,33810,764562.642325568
5,2.0,3661,55588,656365.4045179591
7,3.5,864,25933,288709.91582490347
2,5.0,4331,40034,739499.3468508079
5,1.5,2874,11947,724876.4214102306
1,1.0,4475,29715,969530.0605781556
2,2.0,3917,40956,699094.8104389759
5,2.5,2646,97180,529176.32922141
4,3.0,3744,90846,767052.9615958291
6,2.0,3821,97986,902072.1755935778
2,1.5,3740,26303,625056.0633095998
6,1.5,5664,34031,1081451.4462117618
8,4.0,5500,97389,1086360.779310867
2,5.0,1853,27977,430714.0378501362
4,1.5,1322,52707,281339.02133859
6,4.0,5791,24465,1153580.5627912018
3,4.0,5697,85761,1004414.4180885156
1,4.0,683,26640,198310.79432280423
3,2.0,5435,41535,1033131.06697208
5,4.0,3970,49280,907552.0228102491
4,1.0,4419,12991,639028.1012220165
3,1.0,3964,27801,655894.7807936142
2,3.0,2357,99680,566455.4055559651
5,1.5,4918,17965,777525.4550678901
5,5.0,3380,23730,851687.2017750044
3,4.0,3887,39553,728169.0571039171
8,2.5,3052,18301,579447.205984331
3,2.5,5888,28936,1146070.657695253
8,1.5,928,24155,280441.8603845619
4,3.0,1025,96653,215162.6584538915
1,2.5,1369,58848,296202.7824506304
3,1.0,5915,12042,868815.421418983
7,4.5,4575,28565,1071780.2747452434
8,2.0,1207,57602,293855.6981933424
3,3.5,2452,47260,463467.5894166524
6,2.5,3272,46326,687816.6358446326
2,5.0,2724,52581,549152.2212358228
7,4.0,1900,13658,527744.9799356746
7,5.0,5615,91855,1200000.0
8,2.0,1065,94614,282497.06082657044
6,1.0,2564,47548,534672.9894956829
6,3.0,2545,29668,556054.0261533059
5,2.0,5879,50285,1200000.0
8,3.5,3139,32546,568804.5562025497
1,4.5,2960,47874,604589.5802045296
2,2.5,2639,61318,501016.4099261993
4,3.0,1784,47165,330443.7362129365
7,3.0,4534,72970,884330.7554909638
4,2.5,3817,66820,699426.3061112904
3,2.5,3382,55411,513906.6371555895
3,2.5,1377,90358,277012.15162327467
4,2.5,3979,95312,843937.322544915
3,2.5,3018,85998,557131.5395590944
1,3.0,4677,46479,1105619.2035637635
6,1.5,4862,49906,940543.904357011
3,1.5,3039,83198,630827.7732188118
5,5.0,5431,82940,1116912.5271141434
3,1.5,5620,52605,944460.6228064476
2,3.5,5869,19542,974458.715070505
1,1.5,2589,91440,549750.9609770966
2,3.0,1666,37774,363406.0563883837
2,2.5,1544,18556,332088.01326525834
5,4.0,628,56123,200449.96142715617
1,4.0,2497,88342,524240.10407733865
1,3.5,5750,52586,1139126.0345833988
8,3.0,2297,24864,639558.5736163633
1,1.0,3414,68989,520585.83799541875
1,2.0,3965,66093,773866.466268187
1,5.0,3088,43749,565627.5442102813
5,1.0,2265,69739,540368.2141706146
3,3.0,5219,52996,742494.0720213251
8,1.5,2170,27305,446077.9688020833
2,2.5,2333,87474,473495.67185487185
1,1.0,1359,26318,298925.8008694216
7,2.0,2757,62810,622884.3776188171
3,4.0,1951,95915,351473.80678614666
3,2.0,4076,47820,735445.3286499173
2,2.5,1868,71800,436477.59522638423
5,1.5,2385,80942,538251.8513593129
4,2.0,4549,30661,695475.1726500054
4,5.0,3207,93394,686487.6827119448
3,2.0,998,40816,267262.0646870964
6,3.0,3230,22850,749221.0408477439
6,1.5,3046,88137,553144.6058586045
2,2.5,2269,75057,430851.9450269387
4,4.0,838,49866,227602.7091234072
3,4.0,4136,36644,785576.5866205296
5,2.0,4461,62919,806934.6221212951
4,3.0,3703,37428,649492.3730520967
3,1.0,1746,68491,422917.1618724015
3,1.0,2157,43380,435241.52086396026
1,3.0,4338,82822,805634.9438454235
5,5.0,2757,85604,569988.3944939824
1,1.0,5990,85341,1070223.2235946113
2,1.0,4051,13017,902277.3525305096
1,2.5,899,96708,189475.49508715598
7,2.5,4298,19926,742169.8345426084
1,1.5,4653,54508,810166.1722066234
7,5.0,5459,33486,1166795.5161249107
4,5.0,848,39511,328155.48549801507
6,1.5,3168,20002,608937.9181393983
8,5.0,4729,58586,948321.833366928
8,3.5,4923,78737,1121527.8720462795
3,4.5,5280,74668,1121026.2954342158
8,2.5,3460,37048,708308.349682271
7,1.5,1323,50324,336103.14144907723
5,1.5,1169,76877,244250.16062218632
1,5.0,819,89517,253295.26174112255
7,1.0,1994,84232,452047.8866569167
5,4.0,3434,24525,824164.7448703505
6,2.0,2722,62634,693927.2877146188
8,2.0,4831,71491,981095.7224981241
6,1.5,4600,15565,877621.4682446689
8,3.5,4949,90483,1078067.34070677
1,1.5,3689,82053,794270.9919523287
2,2.5,649,24287,182702.8188340072
1,5.0,1114,87365,305681.07042099565
4,5.0,3391,12422,839134.7269517427
7,3.5,3378,39060,748248.2907618536
3,2.5,3218,51633,589987.3610646806
2,4.0,2437,81521,495958.52298936126
1,1.0,5271,23790,916946.8746243011
5,2.5,1765,35168,306636.5988115083
2,3.0,5598,34019,1118316.475484014
7,4.5,2849,53739,723804.6663737915
8,1.5,1014,13668,263573.24263749726
2,3.0,2868,86280,530519.8470481767
8,3.5,1704,38754,369852.7063981496
7,3.0,5458,65614,1182843.3475709062
1,5.0,5258,95058,864441.4421740074
7,1.0,3956,14509,784569.0675610014
2,2.0,3016,12500,605141.5578241997
5,1.5,2534,85440,609261.4321447319
6,2.0,803,36921,230963.82977847548
2,5.0,668,64551,265705.14804564405
7,5.0,1115,26683,306989.7889233243
6,1.5,4163,87952,704333.0342870641
7,2.0,5056,24833,817404.8829859089
5,2.5,2064,28290,395447.79908586317
7,5.0,5750,24003,1122368.4785650563
1,2.0,2252,81656,415428.52782761137
3,4.0,1306,51253,361859.16949133883
8,2.0,2225,89787,420031.5323590173
8,4.0,5352,61025,1008707.7074727159
2,4.0,4385,98022,770854.9306360206
3,5.0,1945,81708,391536.9722830144
7,1.5,943,32706,219630.58581932564
5,3.5,4386,94008,782530.665261292
2,5.0,1135,97231,271847.27397014026
7,1.5,954,52732,320063.0366167906
6,1.5,4142,86591,705495.771617741
4,3.0,5623,42716,981025.9344560751
7,4.5,1582,16880,516158.0923511339
3,5.0,1945,38949,526201.7483906273
2,1.5,3609,95346,676330.1062271312
3,3.0,1126,76064,241220.56174124678
2,4.0,1530,53093,405023.1880020375
7,3.5,3356,93844,516282.6405254194
1,3.5,2882,32844,596191.8780885919
6,4.0,2546,32360,576927.55430695
7,2.0,4527,97941,847054.3306237598
8,2.0,5982,92782,1188660.8950821462
3,5.0,3141,53322,793032.4381262773
4,4.5,2516,30704,412737.86682890804
4,3.0,3960,62646,777012.622012998
5,3.5,2193,58181,401326.6501449539
2,1.0,3525,40589,627524.009796694
3,1.0,4225,97972,829047.8688513816
5,2.5,1823,93562,385462.37175828085
3,1.5,2559,91229,423687.0018603092
8,4.0,1565,19212,388972.17501309747
2,1.5,5659,23850,1166885.575519215
7,1.5,5592,49767,1080233.3936570135
7,3.0,4278,17322,918096.5589569273
4,2.5,4912,45911,1018664.348569613
7,4.5,1222,56580,348500.24961893517
7,2.5,5048,60622,891469.2072608067
8,3.5,5387,15678,840822.9893873624
1,3.0,5326,75265,1007190.2126214905
4,1.5,2972,76918,697118.0465806215
5,4.5,3548,31780,953345.4890577466
6,1.5,3899,37506,837374.0002349678
1,5.0,1768,52296,361247.13275837887
5,5.0,5349,49882,850455.9190178014
2,2.0,991,70510,256342.58208512038
1,2.5,4409,52202,640894.2710459363
8,4.5,3007,11705,672476.6572655481
5,5.0,5464,81533,1200000.0
2,2.0,5492,97983,918422.0976418363
4,3.0,5627,50730,1000802.9918834856
6,4.5,4860,90071,980094.783989405
2,2.0,5428,41051,775344.4212075451
7,4.0,1180,87665,278543.68853121955
3,4.5,1420,60467,332581.81148438243
2,2.0,1847,40785,351195.303504911
2,1.5,723,39402,160246.30268893146
6,4.0,5039,12704,883151.4764308202
3,5.0,2474,37027,513713.63169260207
7,1.0,1123,69092,258655.8089538818
5,2.0,3723,15725,827381.1985758299
5,3.0,4824,74105,1008016.5620709849
2,2.0,5854,35223,1200000.0
8,1.0,3798,37384,635836.4062817862
8,4.0,3385,72993,867295.4764100286
3,4.0,2718,40027,541216.0338375072
3,4.5,1810,22767,400918.77035953646
7,3.0,1626,97017,331133.65116567584
6,3.0,4717,28354,769810.3959650792
4,3.0,4861,58777,1033890.9592364833
5,1.0,1097,94682,251902.44925747174
6,3.0,5129,31901,904573.3726693129
1,3.5,3405,59966,694648.0502690843
5,1.0,5532,78637,888293.6079512286
6,4.0,2293,26515,515984.2410545189
5,1.0,5358,34806,1151540.1032633404
4,1.5,1324,13573,288003.4212600516
1,1.5,975,51941,217429.61552546456
8,3.0,4998,53915,1155683.9585074892
8,4.0,3052,63780,575736.073151322
4,1.0,4459,15060,893123.4163019006
7,1.0,2286,59094,447664.9217697959
1,1.0,5403,66899,1120180.4332955487
2,3.5,5612,65421,890562.1146890961
6,1.5,856,55610,188149.5760858884
1,1.0,5094,20933,732933.8018721769
7,3.5,4200,82168,781415.5276422051
7,1.5,650,53898,200504.96368061428
4,3.5,1194,98509,338966.72497788083
5,4.5,5513,15589,1155861.0561307718
1,1.5,5331,21612,812807.028991208
6,5.0,4473,57611,1054309.8585490973
1,4.5,4036,28888,997905.7676232695
3,1.0,1672,29417,344101.061393055
5,4.0,5837,71323,1010265.2514003196
6,3.5,2076,87551,545822.475262309
8,3.5,5470,55440,1004292.7848832547
6,3.5,3620,45744,737059.0482193731
2,3.5,2264,93391,389359.8225721094
4,4.0,5092,21891,1117808.8624865431
2,2.0,3330,82131,627294.3906651594
6,3.5,1995,72093,429849.9585407263
5,2.0,4497,60294,856695.6896446816
1,4.0,5816,38557,1103000.9836033625
8,4.0,5224,97472,1039670.5094941292
1,4.5,5380,71166,867030.7261304604
5,1.5,4645,93817,924192.3245315527
6,5.0,3260,12192,796262.7915360439
7,3.0,2833,55032,531257.0211682388
1,5.0,3922,59851,660950.1825042778
7,3.0,4797,52861,878020.7591617141
1,4.0,4818,44946,1058747.8543660555
1,5.0,2701,59884,439397.6485381931
8,2.5,1906,56360,602593.1498261249
4,1.5,2237,73252,384756.0412258877
4,5.0,1740,51472,403594.9571126676
3,1.5,1215,45455,275141.7580408016
2,2.0,5252,38672,940695.2196610527
5,1.5,4809,13756,908471.8038904634
5,2.0,2166,98454,370517.79652775737
5,3.5,1576,80030,384879.7398825877
3,2.0,5396,68151,833103.029477207
4,4.5,1916,44047,455556.28956818924
6,3.5,2939,82074,546702.5671395056
7,4.0,4956,72391,944685.0266060935
8,1.0,2696,12221,596376.2921412789
7,2.0,5725,15164,964480.8809860053
6,2.0,978,43622,302108.3469839755
8,1.5,4065,45980,905462.7133519753
3,4.0,2871,61738,487837.7460238183
6,5.0,1646,94688,475846.22110866266
5,2.5,1607,89921,402393.2934598646
2,3.0,709,33612,190903.8553663676
1,2.0,3371,88066,533228.896015803
7,5.0,4483,78876,1064530.9905164926
4,2.5,3200,70572,558850.2020720937
4,3.0,3843,98660,819693.2100002428
3,1.0,1605,43043,307742.80266937334
8,1.5,5393,87831,1064357.13607487
4,5.0,905,95783,272473.1733423045
5,1.5,1558,76250,388919.55649060267
7,3.0,1553,48822,340787.55992739205
6,4.5,5870,69424,1094174.5239131849
5,2.0,3268,76345,618083.6137476774
3,3.5,4138,62878,722193.8849245821
5,2.5,3277,74963,659758.6827521126
6,4.0,2230,95898,535299.9543426865
2,2.0,2391,10036,400375.9903682379
3,3.5,3203,42402,782958.0530850521
2,5.0,2571,20273,584337.0596929297
1,1.0,666,35030,141669.17669178077
2,2.0,5875,62460,1200000.0
1,1.5,1434,86939,271770.2108459227
1,4.5,805,90573,245450.05400205738
2,4.0,3433,29039,749258.7714743941
3,1.5,4850,24017,874552.463894309
8,3.5,2314,92901,536972.0281547814
6,2.0,2132,49215,567770.7565892728
5,4.5,3745,22583,932645.6692130029
5,2.0,3720,42919,614173.9213280512
6,5.0,1307,57025,343355.1127176402
7,1.0,778,54254,234642.26652185197
7,3.0,5767,56275,1087927.0268901272
1,2.0,5791,67943,810926.519529243
1,3.5,712,19514,174293.1467360472
3,1.5,1356,48416,294934.18616431364
4,5.0,1496,11511,328847.821666966
2,3.5,3468,28642,704660.2981552164
1,4.0,758,92151,201095.43486840694
5,3.0,1385,61894,312154.03289041953
3,5.0,2403,34225,488434.606116365
2,1.0,2439,30846,478277.6667418166
3,3.0,3768,39152,700778.7112106263
2,3.5,2898,76107,535295.8282907367
2,4.0,4678,60354,772374.2406500593
6,2.5,2142,36188,443160.9786550127
1,1.0,4808,70910,825771.6349589188
8,4.5,4954,52530,903710.0475066322
3,2.5,2754,88753,701890.0660795427
8,2.0,1174,51999,389877.33629846387
3,4.0,3638,16609,601344.9178794133
6,1.5,1981,68769,435858.50883997564
5,4.5,1822,57397,457861.0458806623
8,3.5,3074,59322,706681.8476816003
5,4.0,2101,15151,537315.7104683948
7,3.0,1458,16406,391478.5826036909
1,5.0,4174,72678,876059.0438451838
1,3.0,4329,57062,887085.6105516201
4,3.0,3565,90429,633459.5430152806
6,2.0,3791,42956,769668.8385391098
5,1.0,2196,63830,541026.7623105566
2,1.5,2161,82681,461094.64952103887
3,4.5,3122,23133,648747.9671126036
1,1.0,3199,22209,622939.9074524102
8,4.0,2991,84681,483394.13415165106
3,3.0,3275,64345,603848.8927488821
3,2.0,2783,52585,641802.0470618515
4,4.0,876,44638,212992.67788514192
5,5.0,4482,30645,950972.8710820412
1,1.5,4204,28408,810843.5585259502
3,4.5,2678,22521,527632.1222805687
1,5.0,4942,97414,969435.2600511409
2,2.0,5106,48221,910090.4335992121
4,1.5,4677,31086,984235.6242748094
2,4.0,4768,26923,938271.0672019784
1,3.0,1720,91761,371913.7576606685
7,3.0,5368,17202,1153532.995427521
8,3.0,3123,47206,646527.2686182098
1,2.5,3970,29885,733834.1085633659
5,3.0,4982,21218,1012548.5800294194
3,2.5,2508,55692,509150.77541578596
3,3.5,4120,62689,891632.4548016561
2,2.5,4907,16716,932896.5597002016
8,1.5,5096,26088,1049397.7058338767
4,5.0,5350,41001,1096774.479762488
7,1.5,3705,32584,733791.032509302
6,5.0,1097,14286,353912.9951081867
8,3.5,4187,14739,1017295.4604144049
3,5.0,4793,40158,853103.8780936591
5,5.0,3013,15605,664785.936017044
8,2.0,4400,66492,742300.42666905
2,1.0,1062,13321,197551.75707863405
2,1.0,3360,54541,498262.5264076521
6,2.0,4057,61701,893843.5313967175
5,3.0,872,22170,218700.55395575025
4,2.0,1750,66045,404939.9746599854
8,5.0,5807,18933,959454.0551645395
5,5.0,3989,98228,690607.379949194
4,2.0,618,19906,133553.37720938126
5,2.0,2216,33814,563436.4750360404
5,3.0,3778,10818,679650.6995377593
1,1.5,4681,18434,1038375.2808690307
2,3.5,1011,66153,284864.41519398976
8,4.0,1341,40571,372676.73294242076
5,5.0,3271,50694,719257.7523012433
8,3.5,3379,55485,727487.2849247458
6,2.0,3224,22069,686138.114060989
5,3.0,1114,67198,214263.25545630738
3,2.5,806,48662,221866.69530175906
2,3.0,1547,98970,357516.1635009466
3,4.5,3041,62169,628060.6605616246
8,4.5,2428,82928,615345.5449241438
8,3.5,4198,26102,827870.6350437454
2,1.0,2767,43457,435847.49025444756
8,4.5,2256,97798,548291.0694619252
3,4.5,1201,62290,341593.3303317073
5,1.5,1311,21932,270048.32600145973
5,2.5,5677,21766,1012887.9149645881
1,1.5,1803,98247,374011.73695343605
6,2.5,1991,23292,508152.54084060935
8,4.0,3296,96223,619993.2766494214
3,5.0,3872,57631,733447.6361443913
8,4.5,5525,82944,948194.2313991681
8,5.0,3731,86230,647220.3936605148
4,4.5,4330,44533,898193.0384298464
1,1.5,3266,90773,557381.7715433685
3,4.0,1149,15778,292350.26597744925
3,1.5,5341,45059,925432.8920355525
8,1.5,4582,14866,732842.3368272722
1,2.5,1844,83965,316158.13178657007
5,1.0,4486,70661,692562.0024094334
3,3.0,4612,53352,958937.6480010798
5,3.5,3149,98373,628896.8297375097
1,5.0,3804,60736,710189.1645358147
5,4.5,1445,44075,304822.7940029005
2,1.5,5145,91951,976893.412207314
4,1.0,643,34104,183795.66183054482
7,1.5,1258,75827,353637.01224325714
3,4.0,5423,79222,958466.5647739272
6,2.5,4530,11642,678635.5775739626
4,3.0,3467,72845,793997.7692612881
7,4.0,5743,99686,1200000.0
5,2.0,5893,18769,1200000.0
3,1.5,4247,79445,669789.4598605586
5,4.0,5838,60375,1049210.168052274
2,3.0,3382,42078,732162.8897456733
1,1.0,2291,22268,450097.2067758508
3,1.0,2825,20844,677429.3335708202
7,5.0,3666,84174,986732.3586057293
7,3.0,2547,70763,585639.4426779385
2,1.0,1965,21233,353742.567581781
2,4.0,3730,40496,623544.3856954535
8,5.0,5133,27806,980327.8738981971
3,1.0,5121,50326,754684.7624272057
5,2.5,1567,88807,376058.04729294754
6,2.0,2004,49513,349033.23695275025
7,3.0,1085,61761,333974.5584465677
7,4.0,2355,29465,604945.8078340768
2,4.5,4230,49502,906978.289921994
4,1.5,3568,89396,584466.1699752075
2,4.0,2179,18250,485437.16523842077
6,1.0,3395,70503,647823.1814533194
5,4.0,650,31310,261198.736930178
5,4.5,5753,42206,1101510.1850099375
4,1.5,2259,19764,421168.87603211764
7,5.0,4900,65596,1046425.8602726494
2,1.0,3387,22842,704233.796123274
8,3.5,5789,99579,1200000.0
5,1.0,5228,12976,1180117.1719590267
6,2.0,2755,17426,534764.1895061678
3,3.5,5960,32887,1200000.0
1,2.0,4946,36710,926784.6319139149
1,4.5,4830,51387,866618.0237824535
1,3.0,3761,57470,767505.8172503951
8,1.5,2214,16486,443720.2253417481
7,2.5,3336,49258,652256.0318447672
2,5.0,1006,32623,268700.40126932843
4,2.5,3979,33806,757208.3766148573
8,4.5,4797,15973,988310.9797334988
8,3.0,1984,56215,408226.9352359937
5,1.0,4295,55939,797819.1210932177
3,4.0,5099,39157,942009.9943669417
8,2.0,5509,15521,883678.0279748839
6,4.5,3502,22891,768536.7534308274
3,2.0,2229,92331,522869.4648204742
6,1.0,3862,32474,744625.0145120259
7,3.0,1626,36507,359390.0724713527
2,1.5,3589,20687,696584.7574819579
1,2.5,5716,21009,795723.4827574127
8,1.0,2824,98762,535791.9546209777
2,5.0,5976,98484,1141410.6049057397
7,3.5,3520,54291,645399.4844121035
4,4.5,4915,58296,895167.6623631171
4,2.5,4868,50225,1077429.6617539264
7,5.0,3383,97638,662649.8002864348
6,1.5,2013,44828,526418.2344326549
5,5.0,5197,46102,996093.8438727481
5,3.0,4248,66342,971868.7703845782
6,3.5,3408,43712,647145.6787224049
4,2.0,3931,36823,764097.570918588
4,2.5,2778,15361,466127.84691237693
8,3.5,1397,90174,405019.38511968974
4,4.0,3446,48052,624842.1488853771
2,1.0,1529,33265,269727.14761592285
4,4.0,5418,52012,1075574.0571596131
3,1.0,3691,20916,692870.158261676
8,3.0,2862,85045,641361.363624666
1,3.5,1933,55532,357375.6291951463
4,1.5,1874,57659,320576.0034106309
6,5.0,5183,99860,1011205.7431516903
1,3.5,4080,24003,659325.3700423638
2,4.0,3942,52634,755076.5575222448
6,4.5,1817,84992,404310.6028534471
1,1.0,2064,21369,385096.3880365016
6,4.5,5008,29329,942454.0740134858
2,2.5,4774,88754,814341.8688434443
8,4.5,5370,96700,1200000.0
3,3.5,613,22410,158099.44473537744
2,5.0,2893,39730,590170.0335046168
2,2.5,2645,12665,535786.5604192201
6,1.5,1637,49899,331417.1551926036
8,1.5,4728,47703,951509.815769561
7,3.0,2059,75951,426491.2129244778
5,5.0,856,34172,273512.08697611623
4,2.0,4729,12684,808256.3687459639
4,4.5,4673,83030,1018508.7367800203
3,2.5,1883,29750,345403.9204422687
3,3.5,4087,29887,811014.7813425028
4,3.5,2784,30826,529240.5435554885
5,2.0,958,16180,203493.59159839383
4,3.0,4391,56779,832815.9432950102
7,2.0,5449,78095,1158587.0104106467
5,1.0,3787,72288,599636.1515229434
3,4.0,5099,50905,931789.4557754388
1,2.5,1825,79507,452435.03901598084
6,4.0,2897,66068,621389.0621376242
7,2.0,877,28113,241425.0303034151
7,3.0,4807,52861,1064873.0708295784
8,3.0,2586,88487,590096.4380663815
3,1.5,4144,35617,739235.1871498167
3,1.5,3393,12583,672857.0566967876
2,2.5,991,36250,243730.94374557823
7,2.5,1568,13055,355629.7823098415
2,2.5,2790,82337,564414.0469956732
2,3.5,5751,44426,964178.5842559009
6,1.5,2828,70532,509604.4295211308
2,3.5,3226,99376,566054.1000435072
5,4.0,3445,19933,731973.2877196592
4,2.0,4964,41979,963132.9875394907
1,4.5,3907,55047,746182.5712651507
3,1.5,3200,14137,710324.8392509844
5,4.5,3280,21423,698726.9684265068
1,3.0,4970,99851,979121.4600027166
7,1.5,5438,44482,1159067.583413102
7,4.0,685,54156,272165.6817685203
7,1.5,3734,62483,610668.7496803844
5,3.5,5099,44754,1200000.0
5,2.0,2839,46312,676529.4738437426
3,5.0,3964,33363,917421.9344074788
4,2.0,2645,27085,567013.2991903158
8,2.0,1654,66889,419378.3022101376
2,3.0,4001,89951,862557.6548035551
7,4.0,4329,66414,833965.3133473871
6,4.5,3269,57052,748319.4196625327
4,4.0,875,96934,245101.00542102498
6,5.0,5346,42691,898355.3161044011
3,3.0,4690,82195,817118.6801833321
3,2.0,1705,96180,360884.86734687776
3,3.5,5281,64697,961210.0783147229
1,3.0,3532,13044,662865.3442847094
6,2.5,728,13883,219154.62386448585
4,1.5,4951,41712,977185.6479608475
8,4.0,4926,94860,1151891.262110191
4,3.0,4168,31545,783372.5678780278
5,2.5,5856,28204,843350.6743447853
5,4.5,3002,33268,705490.7135401446
7,5.0,2247,91298,471230.67193519435
8,5.0,4156,94383,903063.1411496938
5,2.0,4491,46139,946953.6805115562
3,2.0,2793,85652,514736.91264596034
4,3.0,2647,38436,513897.5434372846
6,3.0,3704,78324,839964.3146805486
3,1.5,4955,14125,861190.1597001917
1,1.0,2734,79142,415637.4522259878
5,4.5,1442,51534,280801.8670318628
3,2.0,2571,96842,584889.493206411
3,1.0,4960,52973,910021.6207783893
1,1.0,4503,86369,837003.7798682265
2,1.5,4213,97533,799725.2693165304
4,3.5,991,43521,285484.45639297296
6,3.5,2879,17488,571802.9593959046
7,2.0,1500,49974,388510.8780100603
2,2.5,5283,52448,873756.0463453351
5,1.5,3094,17938,580113.7285021092
3,1.5,1752,61113,358826.0651047192
8,4.0,1894,25770,427384.93402118323
1,1.0,1065,62635,261241.40544167426
1,4.0,5889,82171,1200000.0
8,1.0,2775,84165,684766.6514460418
4,3.5,3845,67822,884111.7790683552
2,2.0,5745,59934,1200000.0
7,4.5,1087,75526,316333.1453143036
4,3.5,3538,31487,670123.2192342811
8,1.5,3226,63319,733207.3933539095
3,4.5,1549,22869,373730.0516296998
8,3.0,5101,84755,1183689.0125230546
4,4.5,1649,50797,479661.0472512642
6,4.5,5802,66298,1068906.6625338902
1,3.5,4675,92209,986327.5148752839
1,1.5,5059,92299,808100.2498617613
5,4.5,1990,54933,517208.5362146625
5,3.5,1683,86579,368320.36072600586
8,3.5,5246,19570,981940.1578555271
7,4.5,2258,16886,438559.8464038842
3,1.0,4987,77494,897161.3875706831
6,1.5,2417,53087,614598.178620894
2,5.0,790,77719,194143.68216642732
4,4.5,1060,13774,326162.5995209666
7,4.0,3121,39018,641868.119687364
3,4.0,4076,95839,755270.9651707421
5,3.0,3305,24272,703963.9370360791
8,1.5,4966,32586,1158096.2544612386
4,3.5,1757,43545,405350.9856671501
5,2.0,4866,12566,998975.5441665348
8,2.5,627,86489,171460.15036000867
4,1.5,4831,75355,986084.6555190962
2,1.5,3572,41696,674332.125825673
3,4.5,3624,82940,786014.5896354048
4,4.5,5583,77117,1034820.9818888245
6,3.5,1864,89602,411874.28874719894
7,3.0,1455,50735,361855.86820931133
1,4.5,4625,83375,883568.3684831914
6,2.5,1851,60637,375538.6577942431
6,2.5,5204,32129,817845.2006234361
7,3.0,4470,40845,941375.0796621975
1,1.0,1926,89449,317011.0277276177
6,1.0,1625,76500,387068.35624230694
4,1.5,961,20739,217175.01459272037
4,4.5,1818,68172,396554.7849995219
4,4.0,1205,12673,260975.51594978958
1,5.0,2270,41171,507906.3747738973
6,3.0,5411,99179,1046638.8870636114
8,1.5,2897,20624,675119.4884023252
1,4.0,2794,76764,529118.1896828932
4,4.5,5043,62930,1034626.1859577051
7,4.0,1877,44608,418490.9394791153
6,4.0,998,59649,357158.14639339043
6,3.0,5895,92456,1030614.2206890533
5,1.5,2772,29689,566755.7707832863
5,3.5,3410,73503,712599.9934393072
2,2.5,3252,82660,561390.1066849019
8,1.5,3539,52124,697145.2333032588
8,5.0,1421,17587,343373.6294525796
3,4.0,5597,13527,1197061.6750453645
8,3.5,1544,43067,418993.6577817036
5,3.0,4078,61538,766412.5539362977
1,2.0,3379,79499,495459.23848173296
8,2.5,5029,47455,927206.8896367659
5,2.0,5739,30243,986719.9484251888
2,4.5,5050,42693,953424.7816112522
6,2.0,1796,79231,422552.5840235678
8,4.0,1812,84648,445938.4659318176
2,4.0,1423,42059,323502.9663061278
6,4.0,5721,68867,936050.5284357694
7,4.0,2496,82778,539637.0915347218
7,1.5,4863,85477,877238.328351293
6,2.0,3015,65283,794992.0191028008
8,5.0,1135,73853,364142.38690121705
3,2.0,3610,30001,651037.3239800618
5,1.5,3227,12700,676903.6271102825
1,5.0,4377,60157,838492.0235891577
1,5.0,1549,28085,309976.6889187841
4,2.5,4108,73883,806762.0565478662
6,5.0,4902,68147,877043.3649656749
1,2.0,1143,23339,229598.56629017688
8,4.0,4500,25834,821901.6884345836
3,4.0,4353,86620,917970.3138778799
6,4.5,4824,39543,881854.4798767155
3,2.5,2682,45930,513210.4525466761
8,2.0,3466,51074,853702.3979493411
1,2.0,2846,70673,474879.9097633647
1,3.0,2436,39044,406090.84219571226
4,1.0,676,88673,166122.31417514928
1,2.0,968,44905,255012.5848398933
6,3.5,5221,64004,1200000.0
8,2.0,948,72761,339467.09578385885
7,3.0,5201,81484,964460.1614437638
8,5.0,5338,93725,1200000.0
6,1.5,4933,98333,937332.9900100282
6,1.5,5999,79105,1078761.8961541003
4,3.5,2055,36012,464600.71630050184
4,3.5,2785,73696,616638.5420213732
1,4.5,4411,88513,1006825.121749857
2,1.5,3872,31694,575648.9157324306
8,5.0,4282,54388,978078.5290810697
8,1.5,2446,92368,510534.58699978015
2,1.0,2454,42835,515924.1367586671
4,1.5,3585,77398,630221.0042651606
1,4.0,5050,28186,1194018.7269173665
2,4.5,3225,39545,643818.9662435079
1,3.0,3494,54391,644214.4879939685
1,3.5,1158,83855,247483.17566252733
1,1.0,3496,55788,512331.501183457
5,3.5,2517,38401,604739.1641967432
6,4.5,1854,68611,484010.04843791947
1,2.0,2281,22202,389203.7464528051
5,1.0,5865,73368,869666.7627706986
4,2.5,5871,95658,1069026.1667438825
2,1.0,2414,43135,417433.98984463257
6,4.5,1262,98121,302833.59285322047
7,3.0,4716,73535,807343.7986223232
2,1.0,3925,24897,826624.1260589628
6,4.5,1841,31291,444190.1389623822
7,5.0,3743,63408,755811.1371743908
2,1.5,3637,83830,567014.6652090977
6,5.0,761,64093,256214.85538034383
2,4.5,4825,14507,971359.6606695106
2,4.0,2550,38854,490072.026303954
7,2.0,4920,25475,975997.7834400397
2,1.5,2381,54905,411338.65181817615
2,4.0,5275,89870,1200000.0
7,3.0,2077,94366,529472.4729730415
4,3.5,3630,94285,709708.5950985276
1,2.5,4586,50185,1024241.416187783
8,1.5,706,74398,230491.09288543733
3,5.0,3268,86593,681055.6711870932
5,2.0,5535,36427,1101058.4656723791
3,4.0,1764,65535,477380.8111170967
3,4.5,1757,86572,386794.5128952869
6,1.5,2846,73690,510163.268686387
1,3.5,1266,24060,278009.4977063968
6,4.5,2726,60641,561444.3767656542
1,4.0,3541,23607,597323.9211252249
7,2.0,1111,73560,269327.04754575435
7,1.0,849,74213,224025.6720191911
8,3.5,1488,99610,324887.9059332608
1,4.5,1623,71776,361999.0562098712
2,3.5,5294,58864,810313.5657645535
4,3.0,5448,95309,836207.5640836558
8,4.5,1199,42970,341648.7547220019
8,1.5,3622,38210,755350.4970624463
2,1.0,3130,54088,534165.190381341
4,1.0,3483,70035,635891.108081265
6,2.5,2664,21683,504716.7500546894
4,3.5,2358,12962,436238.9446665371
6,5.0,4169,72248,890155.9218177004
7,1.0,1842,45552,459656.0654054494
3,1.0,4929,55321,949894.8118778078
7,3.0,2895,57350,554878.3050840955
7,3.0,2525,73565,500863.45481534005
3,3.0,2662,53861,489438.03895389265
4,3.5,3995,49164,868830.616001567
8,4.5,1040,92095,275230.1584654957
4,2.0,5831,54963,1031985.7023212926
6,5.0,3343,81227,893685.8088025218
2,1.0,606,13532,147082.53370175525
6,2.5,2186,30733,509170.85443569184
2,5.0,1425,93463,334838.4383686155
7,4.5,4424,53114,999969.8158511998
3,5.0,1868,89018,396827.9545372402
7,1.0,4036,15456,838764.9898742965
1,5.0,4038,13413,683886.1832059289
4,2.0,1910,17085,332209.83476789953
2,5.0,4633,37937,716998.8210410655
6,1.0,2227,30563,567155.9149945212
3,1.0,1636,84868,338578.6403933124
2,5.0,5865,47575,1143046.8428091619
6,3.5,1077,17386,278973.87071188533
4,2.5,3278,69150,669042.0070477991
7,4.0,1314,39572,309518.95217063924
4,3.0,2276,45271,477114.2315879908
5,4.0,2762,59810,463991.3029288681
1,4.5,1108,74260,278357.50407732173
5,4.5,981,86566,325280.65089825593
3,1.0,1780,23138,312617.11401936505
2,4.5,2445,57369,496831.71151383483
3,3.5,5882,25646,1091430.0195939029
7,2.5,4970,38812,989918.5335942501
6,4.5,2318,98958,586509.9007775305
4,2.0,1700,86181,382343.9180000893
5,2.5,2460,24628,543782.5709749619
8,3.5,2691,34486,661273.2304008238
5,4.0,1317,97945,294638.8736634109
7,2.5,917,49266,304576.8848229409
5,2.5,5229,98268,763686.1370957198
7,4.0,2376,56557,588059.3884322013
8,3.5,2884,94961,605515.7758462393
3,4.5,1844,87731,482444.591961468
4,1.0,1933,94258,360425.82498153305
2,4.0,4269,26494,763270.5089416385
6,4.0,1800,31571,442304.28665305657
2,4.0,2394,44486,541771.271749783
3,4.0,3301,98436,681158.1341044598
6,4.5,2054,71635,463321.3932220743
5,5.0,2533,10125,532466.5178511571
8,5.0,1346,58814,447902.2511986826
8,1.5,1440,29318,265306.4707355852
1,4.0,3095,72363,611048.9693035721
3,4.0,1688,53162,331148.16959838144
3,2.5,1392,17590,321428.0311550416
4,5.0,1867,44850,421661.1273320859
2,4.5,2150,22134,434502.12149087497
3,1.0,3290,35230,763506.2762504332
3,1.5,892,25058,197857.53518255192
5,1.5,4622,89837,794981.1707679317
5,4.5,2004,37039,432962.9260753245
6,1.0,2248,75820,409795.5559005193
7,2.5,3416,48334,666568.0266552906
7,3.0,4510,53525,844109.4079470866
1,5.0,5937,94194,916011.0330484192
7,4.0,3518,38443,804062.0819678749
4,4.5,5771,13972,1200000.0
1,5.0,1997,74936,379950.51053630386
6,4.0,2293,89215,473499.37345254084
5,3.0,1637,39519,364146.30947689357
7,3.0,4452,89914,867689.6374094744
2,3.5,2162,85864,448123.02587182977
5,3.0,1712,65881,483993.16380396247
8,5.0,1891,34732,507848.0472509172
4,2.0,1761,27673,386053.6092117906
5,2.0,1629,85909,345179.7261920854
4,4.0,4937,15720,890170.7093393634
4,4.0,4857,69115,815938.8315217705
4,3.5,3339,61940,550558.4683387188
6,2.0,1578,15153,334814.1038257126
4,4.0,1117,81762,296349.71781895874
4,3.0,5593,78512,1091275.4591459895
8,4.0,1382,48019,481685.8930876676
2,1.5,3431,94833,565055.0061394988
1,3.5,5875,26587,1055440.2890536853
3,4.5,4780,28206,895442.8864466229
8,1.0,5729,20736,894537.6904524377
1,2.5,737,16971,167923.95453631468
4,1.0,1353,66577,248671.74792909075
2,1.0,3553,85043,551858.6925291343
5,4.5,5408,35724,1009002.3085430354
2,4.0,3055,97702,605510.5106768021
8,1.0,3434,88694,714506.7576344266
4,1.5,1179,65155,295483.7865462986
2,2.5,3855,21108,795507.796243051
7,1.0,3866,87613,881744.6985740429
2,2.0,5249,79711,973748.9814174828
4,4.5,995,66938,311862.79365185567
6,4.5,2537,78498,525314.8138328962
7,4.5,5853,89152,1097357.972496075
2,3.5,5505,27751,1142569.481012058
3,3.5,3189,80746,719940.0443064582
3,3.0,3634,42390,627003.6381396991
2,5.0,769,25993,241288.41312800485
6,2.5,2937,70403,680674.3897289314
5,4.0,3839,36859,756970.5662955947
4,1.0,4015,30878,663542.3634855913
3,5.0,4168,90459,994280.8522683058
5,4.0,3816,37100,715149.8538616686
2,5.0,4084,99622,803521.5476840778
8,4.0,5435,72284,1200000.0
5,1.5,2441,69976,435576.56034836086
7,3.5,4360,50023,734579.5447084008
1,2.5,5152,57709,945331.4271319705
3,2.0,3626,86553,594906.9167552671
2,1.5,4565,64524,837286.442745284
8,3.5,2201,95049,588629.6884361302
4,4.5,5980,54974,1200000.0
8,3.5,1746,56478,461574.04383363517
6,5.0,4926,63768,1090972.029263409
7,3.0,3284,90396,817474.3925130144
2,1.5,711,83622,159477.8949944169
4,4.5,1192,58544,269566.1856045313
6,5.0,3039,28050,810593.2343120395
6,2.5,1838,29784,431854.47958300693
2,3.5,3394,21774,570361.8932084242
7,4.5,3014,44968,726374.448346401
5,5.0,2729,68236,458411.85569262493
5,3.0,3453,87678,656660.4195696868
6,3.5,3469,60135,725958.9488142615
5,2.5,5795,33007,1200000.0
1,3.0,4198,35158,834656.5245789437
6,4.0,4403,81587,1073070.1309303085
6,5.0,2126,14115,504005.5006875574
4,3.5,2569,94560,627746.0377673408
5,3.5,1551,69317,407489.7738625692
7,4.5,2102,16371,539595.5396464196
6,2.5,5067,49355,1141447.5749082565
8,2.0,3936,53375,764986.9802138688
7,4.0,709,84616,267348.281643439
1,3.0,4586,77419,916927.7375555186
4,1.5,2954,80357,606147.6744442572
2,1.5,5919,18338,1039046.7332394223
7,3.5,825,32007,299978.87506445864
6,4.5,3611,12477,830525.1838895064
1,1.0,4726,88671,1031288.6970556079
3,3.5,1213,52423,343043.83385068487
1,1.5,698,85973,143877.14654359737
1,1.5,1410,58100,275423.59989012155
4,4.0,3937,85038,773945.1100256451
2,1.0,3299,39236,567433.5898555646
3,3.5,5509,10368,1138282.224692923
5,4.0,1619,35839,434611.23533590254
5,4.5,3625,83098,664641.0027171185
7,4.0,4128,17139,665565.8427493343
1,3.5,4486,37141,710069.522566584
8,5.0,5782,74262,1200000.0
4,2.0,5617,16704,981351.8873928293
8,3.5,3579,11887,743324.8313654182
4,2.5,3940,21975,773809.1202065996
5,1.5,1396,10544,292069.5019133171
7,1.0,2557,94984,496418.51748113625
7,1.0,3666,98366,699390.6906577148
7,2.0,5708,56323,924305.4105218078
3,2.5,3620,60382,631209.223113299
2,1.5,3280,33926,738670.8199479644
3,1.0,5041,23333,989737.4161283224
6,2.5,5419,26942,1026838.9707718019
6,4.0,3548,90220,784653.5817905416
8,3.5,4331,32447,832473.1583962798
2,3.5,1701,84397,380168.4051235749
5,5.0,1637,34833,367091.416076352
2,1.5,4831,92990,968248.5934547355
4,2.5,1391,76586,296440.4339621079
6,3.0,4774,95958,1107262.0342975091
1,1.0,2378,31530,423816.42112615745
1,4.5,5400,57060,989099.3325164134
5,4.5,1581,91292,411932.0837636775
4,3.5,1865,79558,383356.5828114315
8,3.0,5770,51104,1057895.7700469226
3,4.5,1343,12634,297249.88645388436
4,2.0,3031,75210,692383.0534802855
1,2.0,974,17288,181869.5667850097
1,1.5,2353,84528,403502.4384097453
8,3.0,4497,44253,771012.9260148177
6,2.0,3136,37005,556587.611761528
4,2.0,2591,59824,470523.93550834537
4,3.5,3528,87702,665878.1597898941
1,4.5,4046,63574,684421.3738179114
3,1.5,1191,27798,233940.86102227692
5,2.5,5761,70712,1096787.6347796863
7,4.0,5228,39301,1099140.3957502178
5,1.0,3169,65267,700670.3517564615
4,1.0,3472,13894,680451.9763670594
5,4.0,1776,13846,405362.884028035
1,4.0,1935,73571,365356.8305684752
1,1.0,5293,24481,845773.8512235739
8,1.0,712,52154,216024.5406385905
4,2.5,4372,61176,767569.4370935761
8,3.0,5831,66628,929011.9120079376
4,3.0,5894,18048,1129802.8788238075
7,2.5,2445,37386,585818.351923054
7,4.5,2587,43336,603646.5437685724
6,4.0,5429,33853,1163589.4281140126
4,5.0,2585,44713,587412.700545848
3,4.0,3892,67690,701435.1307134418
5,1.0,3842,26791,635806.598925024
4,4.0,5691,79764,933681.076046247
2,1.0,852,87481,214826.90661343714
6,4.0,723,51573,208286.66748723085
2,4.5,1836,49899,379398.7532716744
1,5.0,1223,24975,331825.0261943457
7,2.0,3756,83247,657971.5389569481
5,2.5,3736,22105,552324.0757937133
4,2.5,3989,59645,631669.354670931
2,5.0,4017,40146,790124.9394510065
5,4.0,2255,90774,495628.1162833595
1,2.0,1866,13868,374920.4359584844
7,3.0,3545,63537,784809.3619939951
3,4.0,1760,54294,286844.9753938114
6,4.5,2894,71264,534423.3153279156
5,1.0,1040,85596,226161.89097849382
5,1.5,2692,15433,618114.6202074286
3,4.0,3305,32612,599287.9976751641
5,1.5,4359,27822,940437.6668224602
1,4.0,5712,44120,991096.2270800996
1,5.0,1153,51004,244953.02014974033
3,1.5,5504,31294,914836.6871402975
6,4.0,5666,94300,1165315.6202569432
4,2.5,1712,80096,383406.7775836826
2,1.5,3377,92119,726942.091462197
4,4.0,2433,91096,576391.6473154996
5,3.0,1914,14424,394666.37251744245
2,1.0,4093,50615,679812.7812884438
8,3.0,3738,36863,888505.4172710828
3,2.0,5970,39469,1200000.0
3,4.0,3712,33184,725748.1252888357
6,3.5,698,99446,246720.88825044828
2,4.5,4525,97940,796019.5182762232
1,3.0,2079,45175,357166.312199415
2,1.5,4996,64649,926937.5453496706
5,5.0,1822,73872,413606.86765611335
1,4.5,5183,79327,831636.4196334865
7,3.5,1604,42208,512262.3505450526
7,4.0,1076,62445,275423.7001219205
8,5.0,5841,61998,1200000.0
7,4.0,1735,66994,478749.31866993976
3,2.0,3456,62463,600349.2724209538
2,3.5,2305,69895,520789.80616532615
7,4.0,1117,85165,327229.2721425207
4,1.5,1820,42894,386563.1727941423
6,2.0,3106,31990,613736.3617241922
4,2.5,4925,52580,1014748.9288762708
7,3.5,1791,83230,427478.034077742
8,1.0,4480,46087,839254.2294285857
6,5.0,3843,18673,1007370.1766844698
5,3.0,2577,48199,486894.57710625883
4,4.0,2842,42187,541968.0691636986
8,5.0,3690,79914,697065.0094534364
2,5.0,2487,33553,606281.7293250633
2,1.0,5768,62287,1070182.6890146513
4,1.0,5159,53780,935775.0635184541
7,2.0,1573,98060,419874.55137171823
8,3.5,5877,92158,1141026.2020000354
2,1.5,665,11420,136541.735149414
5,1.0,3506,57440,625268.894011647
1,1.0,1170,75876,197057.93298647748
7,3.0,4492,54310,882177.4099642466
8,2.5,907,53953,367842.67442358506
5,1.0,4008,14987,728875.9340102021
8,2.5,4342,55517,748125.5922705744
6,2.0,1382,42456,361016.26434436603
5,1.5,4816,48180,932158.6614940516
7,5.0,1365,72237,391049.0039890015
6,1.0,4075,95398,870440.7506607822
7,4.0,1372,67505,363351.4365364585
2,2.5,4457,83206,731254.4525657296
1,3.0,3785,99782,727699.8277960685
7,3.0,5682,89302,1200000.0
7,1.0,1139,39681,308647.94901057746
2,3.5,2649,18323,514072.9540619068
3,5.0,3883,77393,750574.1683265594
2,1.5,5275,57223,789985.7785763884
6,4.0,2263,70832,587701.2301929469
2,3.5,1647,35247,338642.8018148654
2,3.0,4436,94076,770229.511410559
1,2.5,4039,18484,820203.9235528656
2,2.5,1105,40682,189911.16694791667
8,3.5,3847,80459,825605.3016890732
7,2.5,4100,52019,684693.4475359641
8,3.0,2510,91456,508367.1798081741
1,3.5,1332,53263,224762.1537079165
4,3.0,4113,31938,783089.038511409
3,4.0,2171,64890,502383.487013354
8,5.0,5209,23319,1128354.5315511348
1,4.0,3542,69432,755920.0506324758
6,4.0,5056,70772,830571.5832829378
4,2.5,2921,16900,617930.4972256521
1,1.0,3935,77696,650947.6517411406
1,4.5,5222,26236,865316.7325240996
3,2.5,4974,74255,1030148.9955522071
7,1.0,3353,66485,532562.1629603216
8,3.0,1972,72293,539810.0886890147
6,4.5,2044,16221,414519.28208102233
5,2.5,3976,35294,896190.9634535814
8,4.5,889,20038,304179.119138688
5,4.5,2665,95187,582411.2176901195
1,2.0,663,63649,162534.32531709602
2,5.0,4545,33360,1012086.2329777222
6,2.0,929,18255,274006.190878756
4,1.0,5458,78235,830886.5946259247
2,1.5,2563,97464,461341.49845092354
2,3.5,3688,58169,603268.181240317
8,1.5,3090,10372,663817.0179932294
6,3.5,740,63179,280497.42398408084
7,1.0,5139,67649,916222.8435128505
1,1.0,3073,28898,434428.56032490195
1,3.0,4503,60083,729151.0266834713
1,5.0,5964,33855,1137421.8827883839
1,4.5,1049,44758,277436.7746953384
8,2.0,2425,19607,617755.5423136494
5,2.0,5046,84089,820104.5300533873
1,1.0,5294,15383,1074255.187343654
5,2.0,5406,70112,1086816.3684122227
5,1.0,1469,10715,309615.2016825798
7,4.5,5880,19837,1200000.0
1,1.0,4164,67886,952377.5006856355
3,3.0,4259,60699,887539.6265897618
4,5.0,4202,89486,863686.0464697119
2,4.0,992,83528,263372.78752970975
5,2.5,1441,36817,368930.29490442487
6,5.0,3048,59803,744619.5822972337
6,5.0,3391,88893,688825.2365646343
4,1.5,3553,80278,627305.1076957191
6,3.5,5731,70345,1200000.0
3,2.5,1958,23369,345662.474171431
6,4.5,1590,70428,376514.28099005244
2,4.0,1638,15044,407197.70397494396
2,4.0,627,75123,159806.98099609395
5,5.0,987,85824,333883.91886245855
1,3.0,1432,17261,360213.5950234753
7,3.5,849,28064,256311.27705658402
3,1.0,2627,85335,532090.5222882188
5,3.5,2128,79058,459245.8800513247
3,1.5,4793,23690,992453.7701709103
1,3.5,2438,12057,482107.73784684465
8,5.0,1960,47589,439385.35272112075
6,4.5,5758,24559,1200000.0
6,5.0,3709,23692,823284.2245633553
7,4.5,1923,58429,501584.20721742144
1,2.0,2826,75738,603758.460317598
5,4.5,4280,26972,857594.7674336894
7,3.5,1491,51530,448493.1049494606
1,3.5,1905,85073,479751.71506635594
4,3.5,5883,77178,1052745.271856545
2,2.0,5148,11365,963434.6997859144
7,1.0,4792,75544,931169.388294384
7,2.5,861,59683,242276.8459310742
5,3.5,2940,68896,599228.73652132
3,1.5,2393,28001,440865.67806874576
4,4.0,2896,16722,761129.5296021521
5,4.0,2892,30100,743269.7562169798
1,2.5,2770,27460,585168.3298494705
1,2.5,924,99523,225598.5293423999
1,1.0,1585,71645,269205.5554548177
8,1.5,5382,79551,1008213.4122476032
1,5.0,4452,78498,775935.6956183453
3,4.5,2339,14840,448732.4647599174
4,4.5,2460,60064,507731.0091950103
6,5.0,3737,96069,780752.610287305
2,4.0,4498,95990,863169.3363981019
3,5.0,1435,58105,384877.16825233423
3,1.5,4754,15699,885047.6730687622
8,3.5,3378,15922,605998.2536545714
6,2.0,1996,34919,478725.21462564723
6,3.5,2276,68536,526013.9210176513
2,2.0,4931,36508,923697.0664093829
2,4.5,4913,97200,990764.6666952723
6,2.5,2437,35278,525337.5094256258
1,3.5,4321,24862,804363.2477548383
3,5.0,4272,23598,773183.359381971
5,1.5,3622,77434,655645.282673461
2,1.5,5284,98475,974889.5545376884
8,4.0,2271,34774,419494.22075915016
8,1.5,1516,62384,416522.4612266316
2,1.5,1517,12822,363182.4781558556
6,2.5,1733,47252,391491.69122179627
4,5.0,2436,97420,595360.1551808022
5,4.5,2738,23052,538218.0618342048
5,1.5,4607,93574,775605.1807207126
2,4.5,2505,92511,564431.71520357
1,2.5,4589,23269,994269.0259109342
4,1.5,4085,78577,776656.37590501
5,4.0,5397,26551,1050404.8379042153
2,3.5,2720,79915,448687.62532106764
8,3.0,3332,17661,682001.0104953955
5,1.0,3369,74547,662835.6079158687
7,1.5,1921,82503,403708.5140137002
4,4.5,4316,70614,718499.8095566654
4,1.0,3954,91210,735720.9544176685
7,2.0,2128,95930,510241.56263826654
3,1.5,5917,23531,1016049.4141744429
8,3.0,5751,31370,1200000.0
7,2.5,5343,63000,922862.2062626426
6,4.0,1359,28565,354940.9433575638
6,3.0,4012,10832,659178.8142544419
2,4.5,1957,56978,436469.2925956743
4,2.5,2790,92941,643467.1888791289
3,3.5,4081,20185,764421.3563640099
3,2.5,1548,13492,374985.64826179267
5,1.5,2679,68238,654173.0325074362
5,1.0,2366,68859,501311.5614944818
7,1.0,627,54630,148616.44961885936
3,4.5,3070,75824,646843.086736703
7,2.5,3138,50584,590490.3899562822
8,3.0,759,11076,289440.83814500354
7,4.5,3492,44139,756112.0601236827
5,4.0,5926,76610,1038205.9228697708
4,4.5,4713,47702,888621.3836710661
7,4.5,5822,37535,1200000.0
1,3.5,4322,73737,661611.3561906273
4,1.5,4331,73705,838072.9289376141
3,3.5,3071,79810,507116.3110979578
3,1.0,5599,38198,976917.1613420248
7,1.0,5450,69113,1120626.11776814
4,2.0,2170,55760,492684.2874795696
5,2.0,1436,67840,402699.03818454436
5,3.0,5589,45276,1086168.5673634189
6,1.0,4538,87554,682205.5738598957
3,3.5,2886,71913,486613.71090924484
2,4.0,4005,68028,807588.1934251714
6,2.0,3270,83608,636996.2100163845
5,2.5,4712,23348,869197.2011045978
4,2.0,5347,56678,811947.9860726827
8,1.0,4955,23952,900880.6193134431
5,4.5,2227,10318,442662.4046307397
4,1.5,2466,87354,582439.638739019
6,1.0,804,36011,201533.87844813731
3,4.5,4179,28787,820800.7305979864
5,4.0,5872,73428,1200000.0
7,4.0,3774,22516,950527.7647243004
4,2.5,1391,44055,280824.29070214054
3,5.0,4692,18752,729771.6697543842
8,3.5,5836,76911,1200000.0
8,1.5,4347,90506,846878.9270714375
2,1.0,1705,69850,358563.69767509284
4,1.0,1690,27538,404855.69842276175
6,5.0,2207,22657,417934.81952559046
2,2.5,2439,27843,446959.572279995
2,3.0,5674,91119,868352.5808766122
1,2.0,3997,31491,661268.928415914
5,2.5,666,56431,237813.17741854038
4,4.5,5379,73475,1013813.0572679795
2,2.5,1878,52180,367006.3359852527
1,5.0,4758,28540,945643.7244637363
6,5.0,1413,81515,344230.08694632037
3,3.5,1002,70635,199171.2640285056
7,1.5,2602,17943,589941.0730239867
7,4.0,4766,18911,1156944.0794122724
4,5.0,3525,50254,861523.0105559495
2,3.5,3593,73000,614877.6893957062
7,2.0,1686,79305,366214.8128657869
5,4.0,4940,12479,993403.0449616404
7,3.0,3166,20112,650756.1802559396
7,1.0,5088,80267,1200000.0
7,2.0,1371,72612,296020.290295462
8,3.0,4272,86897,833532.4226234562
1,4.0,3848,56809,731017.88963065
2,2.0,2269,42205,500756.0996073498
5,3.5,2156,82604,518804.389858121
2,3.0,3558,16557,596603.2492194385
8,1.0,1751,46098,409500.56060708873
4,3.5,5914,48790,1057011.90159919
4,4.5,1817,44826,404044.6550783423
4,1.0,2831,32074,578817.6349954217
6,1.5,4942,97691,1046926.1176097615
7,2.5,4544,42401,761817.0494673563
6,1.5,2642,21565,550002.332789037
1,5.0,1305,74702,300918.4121688852
4,4.5,3269,59926,865110.7701676075
8,4.5,2713,90873,721481.5645953969
5,2.5,3577,21112,748469.6273029166
2,3.0,4949,89297,895080.7274431047
7,2.5,4978,18885,932839.2132353134
3,5.0,1022,11376,261016.85853871977
5,1.5,2621,15939,612891.4676432622
7,4.5,4393,51949,880060.8137624341
6,1.5,4731,12846,862634.8505627062
6,1.0,1130,82353,308745.7294433723
5,2.0,690,17430,167498.6836807302
6,5.0,3972,36328,947471.5964514422
4,2.0,2542,21151,412168.17364276666
1,5.0,4405,69797,917543.2842091339
2,4.0,1840,37619,402697.25000769645
1,1.0,2358,44484,340975.3002216668
7,3.0,697,37664,241007.42744308143
2,5.0,2079,16780,406790.00767611485
8,2.0,5226,78867,965661.7448730923
2,5.0,2432,38604,596550.028466256
1,3.0,3185,27762,598358.6832810901
5,5.0,5747,33765,1200000.0
2,3.5,4247,73726,806556.104036495
8,5.0,679,47043,251195.36717365342
8,4.0,5309,97458,938695.4045735472
8,4.0,2823,69051,481709.6450053774
1,4.5,3169,99230,567252.5908048294
2,4.0,2372,20556,532331.8603715813
3,5.0,5118,89091,999040.1913076255
5,5.0,1723,20004,357317.83440031786
4,3.5,4411,68956,764681.1542104407
2,4.0,4074,30810,959561.4388220408
8,1.5,3223,72000,761167.9671231367
3,5.0,2003,86724,451725.34285095823
4,1.0,3178,10247,521093.72820366774
4,1.0,931,30762,194415.26428824553
7,2.0,5348,55995,1090069.602811036
2,3.5,4208,69423,843556.9228495795
1,3.0,1339,89347,243057.90604314496
2,1.5,5808,79277,1061654.1813737918
3,5.0,5206,71969,1068299.6048851558
4,2.5,641,39052,197755.94301133617
2,2.5,5580,59214,1032978.2544838497
1,3.0,4478,44319,686698.8183519511
7,4.5,2549,81842,605674.1360108347
2,2.5,4060,78541,948033.6053415333
5,3.0,2728,78858,608752.9751975441
7,2.5,5097,91544,965143.6965684168
1,3.5,2754,50765,503758.58789086825
3,2.0,5830,34870,861214.4482141502
4,4.5,1837,22466,458511.2875268823
2,3.5,2366,55284,478979.6242547271
1,3.0,2441,60034,427952.34308531287
7,1.5,1105,43161,301351.8306284936
5,4.0,5840,78275,1148334.3563430721
1,1.5,2441,70811,382542.30239676085
6,1.0,5415,63565,963247.0007977253
8,4.0,1994,71314,494596.7858927638
5,3.0,856,63626,273131.2851896341
7,1.0,2320,88730,397889.22530645604
3,2.5,5649,79767,928831.9637319561
4,2.5,1671,61929,350996.55928384
7,4.0,2222,76937,467417.66767497425
8,5.0,5592,18086,1139690.9879103475
3,1.5,2666,72582,552469.7956264867
2,1.0,1669,76065,325991.23781470105
1,1.5,1050,50779,202571.20864542312
6,4.0,1497,33462,340998.60728077823
5,3.5,5775,57769,1062443.6257995062
5,2.5,5436,65878,867365.5969522212
1,1.0,4328,26956,979080.1124895151
6,1.0,681,92563,187601.2025742894
1,3.0,1336,95991,276378.36141210666
2,1.0,4774,54555,879123.7493545973
8,4.0,4544,55602,995999.523116749
3,1.0,5692,15605,967299.4529236691
7,1.0,2807,86213,707628.3841552563
5,1.5,4548,26938,765469.5775869982
2,2.0,2602,69502,582290.0936504207
3,1.0,2291,62545,460430.5897797983
2,5.0,1779,53534,394829.6584187367
6,4.5,3535,25009,814694.9957124853
5,3.0,3115,40246,701584.4855475351
7,1.5,5548,38185,1012312.9172511429
1,3.0,1061,96488,231748.35195475025
1,3.5,3501,56642,730930.1506514164
3,1.0,716,19185,148597.50368379944
7,2.5,2254,74366,491087.6283191819
8,5.0,5161,29843,1122790.6408289056
4,1.5,2398,27505,494055.5701659289
6,3.0,1259,38022,295184.3495333047
3,1.0,3837,71609,566203.2596431443
4,2.5,2722,64261,512438.7489938879
2,2.5,4419,26439,843935.7957513166
6,3.5,3943,90196,948387.7752450887
2,5.0,3150,84385,588442.990175061
8,2.0,5490,80272,1131201.1506622203
7,5.0,2186,45377,406501.40646028245
5,3.5,5282,13909,942555.8290827441
6,4.0,3347,24867,691453.1239377763
4,1.5,1234,74685,257358.3816584664
8,3.5,5970,10794,1200000.0
5,3.5,3482,93481,727554.2417336064
1,1.5,5849,68527,1163328.040418861
4,1.5,3411,25369,729788.2381226083
3,1.5,5053,33807,909326.8473969819
1,1.0,4615,20856,707102.9363727059
8,3.0,3339,16795,795155.612168255
1,4.5,2484,41063,557774.7359530104
3,1.5,2118,70951,476847.99787166517
6,3.0,1221,48260,332576.88949917903
1,4.5,5177,20149,1072325.819003263
7,3.0,5675,36328,956716.3455433467
4,1.5,5673,79098,931003.3325220722
5,2.0,2137,43623,442343.85219016555
1,3.5,2937,52255,494391.14671753737
4,3.0,2594,46389,451715.2085364145
2,2.5,2670,14206,523511.30294727185
4,2.5,5501,73565,1056196.0926890827
5,3.0,5530,30897,904535.1137127796
4,1.5,2965,89687,525683.6894199626
3,5.0,5603,14370,1191998.584035795
8,1.5,3445,34045,603030.1427392504
5,1.5,3638,97236,631187.055836048
8,5.0,1454,97770,399362.91054604744
6,2.0,3328,62584,622342.6955278445
8,4.0,1515,58671,362217.6798253194
2,2.5,5538,25326,970484.6315490266
3,3.5,731,77777,236039.07614651578
6,2.5,1716,40639,396446.8329428318
4,4.0,4193,70874,836061.477052826
5,1.0,1460,49766,249640.262040672
2,2.0,893,31278,268172.431741795
3,2.0,3288,81980,630239.8035277929
6,1.0,1599,78551,277587.338419662
6,3.5,2896,90439,708537.0895717313
2,5.0,4285,49583,904013.3605644051
7,4.5,5956,80400,1200000.0
4,4.0,886,19676,313536.98076117365
2,4.5,1049,14234,252851.9642132245
6,3.5,2938,31340,690660.2012045984
1,5.0,3840,94259,684287.1766383317
3,2.0,3303,18526,668722.221222131
2,5.0,5903,82378,1200000.0
7,2.5,3716,44626,859779.3001645291
6,4.0,5171,11207,1030522.662948996
4,5.0,852,92844,254612.42109154043
8,1.5,2019,72420,510770.1782771969
6,1.5,2936,62097,751614.9953326853
4,5.0,1835,74414,398096.3191714241
2,2.0,1599,15429,330558.1812532758
4,5.0,4360,63591,797563.2952087048
5,3.0,4716,17591,913578.0065701981
5,3.5,5011,48660,1045209.2139340702
5,1.5,3211,87313,634028.9215468552
7,4.5,2046,50459,558536.977963401
7,5.0,5952,88084,1200000.0
1,1.5,2770,72099,455929.6216369296
7,3.5,3521,72848,749547.9850575972
8,3.5,5655,88405,1025943.5902593279
2,4.5,4283,99399,897301.284729113
6,3.0,2861,14661,549006.3137193689
6,5.0,2545,54802,577674.4518647322
1,1.0,5534,28782,912125.9033970917
7,5.0,5663,59179,1007234.2644336767
8,4.0,2453,11898,573205.8529074712
4,2.5,1199,88455,316319.20794710715
1,2.0,5487,50068,1156386.7818775987
8,3.5,4735,77963,998194.4554517736
4,1.0,4003,86303,709229.9576426668
8,2.0,3590,93956,652729.7478981818
4,1.5,5343,68654,1200000.0
3,5.0,4877,46123,772870.8219055597
8,2.0,4960,66198,1200000.0
6,1.5,3418,62872,677227.5310222105
5,2.5,1462,14902,311084.0800635388
7,1.5,5127,36850,1077719.6625568068
4,1.0,4655,58554,788524.8583447759
3,3.5,1819,53034,414896.3901245391
8,4.5,4395,74843,910029.5861493598
6,1.5,5204,97156,1085575.553194243
5,5.0,5142,18280,1139582.2215338245
4,2.0,1127,90490,258489.98165465883
8,4.5,3522,56814,773739.5330710287
8,4.5,3804,67465,797774.6584581424
4,2.0,1762,56973,414312.1528227182
1,2.0,5364,47729,1040887.0994483988
1,3.5,4164,42800,997053.7604842702
6,1.0,1446,84423,305314.48877452
5,2.5,2717,88871,645592.1501551163
4,1.0,3686,81713,651997.7244441959
6,2.0,2370,51206,593297.0893136493
6,5.0,3883,13926,659643.4682142305
2,3.0,2425,70445,512298.5092825186
8,3.0,3923,53056,762808.050266917
7,2.5,1045,85690,341115.1996942513
8,2.0,1625,78495,409241.63816457
1,3.0,2371,94147,435255.885643343
5,2.5,1959,44161,431060.8325917019
8,4.5,618,69251,242435.14814250128
4,2.5,1160,28407,282692.5727218769
6,4.5,1071,88561,364207.9365772404
4,3.5,627,81600,181367.11400404622
2,3.0,1159,66714,338148.9613629715
5,2.5,3255,16639,782365.0963581372
6,2.5,3836,12478,844492.9004845704
4,2.5,5153,74546,892207.2207251058
1,5.0,1544,83465,341252.37305649795
7,2.5,4548,72876,995458.4024083825
2,5.0,5895,98373,1075482.2864259668
5,3.5,4256,51941,791585.6260565912
2,4.0,5679,39974,958485.0135532261
1,2.0,5563,54183,1123978.6915888838
5,4.5,3663,18418,631499.457138616
2,2.0,2579,93186,527873.1298358004
3,1.0,3316,67148,707880.171068302
1,3.0,5521,89919,841615.1501912342
1,1.5,1415,41708,235643.6684871149
1,3.5,2926,42924,682165.970344395
3,5.0,2930,33382,508245.2178119875
3,1.0,1602,36649,340495.0720492841
4,2.5,2142,40373,419248.3688238615
6,1.0,4804,92680,976377.3110637005
7,1.0,1829,84501,450832.6228566867
2,4.5,3905,32791,687408.8124972875
4,1.5,3129,68896,559197.9125348922
2,1.0,5617,33115,806295.1499925444
7,4.5,2030,27341,497860.33105589024
6,2.5,4512,26637,870510.3298250937
3,2.0,2132,34269,496654.45958958234
6,2.5,2492,93489,465608.61109018
3,3.0,3724,33877,842884.6175579444
7,1.0,2021,50273,391453.3710419776
6,1.0,5918,66035,1082879.4198770097
4,2.0,990,22405,255677.8437555278
5,3.5,3418,72309,625870.7641232492
4,1.0,2469,51767,466691.16010201914
2,1.5,3560,19973,630032.6961084576
4,4.0,1795,68565,424062.5429521439
7,1.0,3205,99461,644112.8427572302
1,4.0,1457,33091,285079.31582633825
2,2.5,5905,29584,1050476.3179461248
6,3.5,3827,84607,789527.0088687876
2,4.5,2116,80624,428089.13633673434
5,5.0,1753,26550,442778.0133898256
3,3.5,1442,12063,331096.5252126124
6,5.0,5800,83839,948181.8695709906
8,2.5,2282,21631,593651.331023393
2,3.5,894,11125,279253.1741178446
6,4.5,1244,45409,316584.92372767394
6,5.0,4233,60581,658163.2228433144
6,2.0,2735,32485,586609.2846505556
3,1.5,5620,88330,1044661.794281309
8,3.5,710,93554,286567.7497031579
7,2.5,1183,84398,329699.21306589217
4,1.0,3825,11690,639053.6354717306
6,4.5,2086,25740,393660.7236681768
1,5.0,5464,58643,1074134.9298899043
7,5.0,5875,98560,1167756.7103314286
5,1.5,2248,95877,462743.7793810773
3,5.0,2981,19156,677169.792074033
2,4.0,705,47214,186969.35528328843
3,3.0,4153,73389,736263.5903829078
2,4.0,2294,85694,460499.4969300744
3,5.0,2333,12808,482921.6096764964
2,4.5,981,72987,263759.4254101682
6,3.5,3336,80938,608068.2336701301
4,2.5,4956,77500,1029523.7778822522
2,1.0,1916,72167,311561.92268426454
8,3.5,3302,70734,771942.1698752735
2,2.0,5515,27206,802054.4777621039
1,3.5,4674,19629,1013824.1993736727
2,3.5,5404,42337,901093.9730819295
1,2.5,1506,97095,286397.3365073832
5,1.5,1262,73829,333046.166587432
6,5.0,1062,79401,278199.5909613545
1,1.5,3502,79830,717942.3742724493
4,2.0,5280,56939,1119457.410208682
7,1.0,1542,22965,337957.9461609283
6,4.0,757,22228,282092.46244662814
1,1.0,3909,58419,574481.6839851348
6,5.0,1926,59229,451824.38042291923
8,1.0,3317,22822,674748.4673732814
6,3.0,3268,40070,750071.9618993753
6,4.0,3168,78723,584617.8151745667
5,2.0,3992,17135,775843.3393489221
4,5.0,2706,89044,578586.0675220856
3,4.5,5399,49441,1062304.988176656
3,2.0,1247,49884,247645.4726146746
1,3.0,3922,28043,744407.1851255689
6,4.0,3538,85043,799459.3403403794
1,2.5,3083,13062,570450.8860621005
5,3.0,4841,62214,1119069.807422534
5,2.0,3506,93990,575105.4288147773
2,5.0,3625,63409,874756.1994986187
8,5.0,1975,20868,543112.2990153743
5,4.0,2423,78089,490517.44135455147
2,1.5,844,27428,191452.97338984767
4,4.0,2948,81493,609101.374176759
1,4.0,1467,80114,333242.1995742407
7,3.0,3461,48389,930709.8451713433
4,5.0,1079,44734,244294.37539722913
5,2.0,3062,86084,469132.31144466397
4,2.5,2535,75107,611713.9821927202
4,1.0,3973,96889,694113.28973501
8,3.5,3621,94170,774916.81537272
8,2.5,3792,21679,808963.7924189755
8,1.0,687,57743,209845.26451582572
4,1.5,1840,34717,399056.57718807756
5,2.0,1172,35579,303915.7601351626
7,5.0,1413,74102,344847.50942859333
6,4.5,778,44782,227788.12074132342
4,4.0,2325,80160,553051.1995678077
2,2.5,762,33103,190395.18029746032
5,1.0,3240,63077,629277.3031638702
4,4.5,1605,38534,321739.9678618017
7,2.5,2948,48636,569706.8422805052
6,2.0,3021,60486,564697.2410978947
8,5.0,3355,43435,709573.589961697
5,2.5,4898,43152,1026935.6433169579
3,2.5,4742,68952,884594.6949908962
6,5.0,5158,29638,910075.0270900719
2,1.5,4341,26396,865232.7632960666
4,3.0,5103,50494,1093946.6319406126
7,2.5,1817,36783,402218.45365381974
3,5.0,3074,15403,805810.0684400998
7,3.0,1529,74052,312186.30657253414
3,5.0,916,33838,307475.9358478776
5,5.0,2102,48919,487749.82025867945
3,1.5,1020,87895,226014.80710455126
2,5.0,5988,57995,1018218.426877973
2,2.0,4958,32614,729645.4243524731
1,2.5,2049,85593,327301.36475200224
2,1.0,1027,10100,222882.60088124563
6,1.0,996,71720,300173.7280346778
3,1.0,5935,80514,1020127.9169198786
2,5.0,1395,20988,289840.66048985784
5,4.5,706,90067,278388.46814005024
7,3.0,4649,87167,771794.5852223177
8,3.0,697,87229,278495.35443556
7,5.0,2503,48148,495459.45583020645
1,2.0,4170,23823,775899.7228346124
7,2.0,3901,34696,671689.01992496
3,4.0,5976,21629,1200000.0
1,5.0,642,13856,173801.68315130522
3,3.5,2177,41051,363134.8823626105
5,1.5,4790,76611,1012292.5325504746
1,1.0,4883,96333,1046974.4779470233
4,1.5,984,43469,246312.07641337297
6,1.0,5514,83721,1200000.0
6,5.0,4071,82372,868502.117406028
3,4.5,4177,56072,868575.8970842428
7,4.0,3838,53406,791688.1104034532
8,2.0,5844,97754,1193115.0101365463
8,4.5,2296,45017,514704.7640375425
4,1.5,2734,20705,447764.6287926272
1,1.5,4492,29606,786993.2183822965
4,2.0,3136,96911,652798.0522889199
4,4.0,4921,83654,1140438.055477621
7,1.0,2992,45319,470846.7020003179
8,4.5,5213,67254,1057577.9062939864
1,4.0,4415,55318,946072.7965451956
5,2.5,895,12214,223340.6878865033
7,3.0,1013,84070,248351.09107833242
4,1.0,2595,59869,547644.2535369684
4,2.5,603,45228,202947.53672822213
5,1.0,777,54696,217416.2672234836
4,1.0,1345,13255,293085.05325174215
4,1.0,4954,37841,869769.8263940384
4,4.0,1251,15334,305678.8826303294
6,4.0,4489,87817,893213.8165146345
7,2.5,3871,50522,739772.9751598861
2,1.5,3082,49708,561148.2404343104
7,2.0,5992,75150,1133869.5055633346
5,4.5,889,40697,282801.3110422702
4,4.5,1402,20722,397678.47084026766
7,3.5,3130,75480,535257.8979361001
6,5.0,833,26029,261027.89995142008
8,5.0,1007,75550,342715.9817556709
5,2.5,1293,87042,273893.3495716301
3,1.0,1769,18208,349622.1411183865
7,1.0,5257,85507,1049189.0134736765
3,3.0,3077,98719,654446.7676984962
4,1.5,1031,98499,251545.98591032551
6,3.5,3144,18127,663950.0508939469
6,4.0,1582,57782,467276.73734453216
7,1.0,3760,25646,620616.6906726166
5,3.5,3644,93744,789982.4475373351
5,4.5,5592,32713,1048083.6265455174
6,3.0,4524,42267,761711.9848846814
5,4.0,3912,13864,801520.4475656671
6,3.5,5473,86197,960369.5751431298
7,2.5,4918,42559,978298.9765167722
2,4.0,2288,85858,471991.18739722524
6,5.0,1067,82246,342081.4483713745
3,4.0,3216,41362,728907.4528684068
5,3.0,1945,42380,401366.72803754016
6,4.0,3022,74994,546912.2147788756
6,2.0,5107,51284,866062.2962140595
7,1.5,5321,89922,1200000.0
5,3.0,5971,88874,1161018.7469702435
2,2.5,1611,65277,343524.2740684176
7,3.0,2277,25316,420452.3666862631
2,4.5,4297,34463,827829.1482521672
8,2.5,5497,85739,1185068.3086124796
7,5.0,4666,14888,1108270.2101328645
5,4.0,2492,21325,644306.898872378
1,4.0,3469,29088,532296.6583590311
5,4.5,4950,84922,1007635.2517070894
5,3.5,2086,86803,493089.0578332289
2,4.5,3939,25419,747469.8530382355
2,2.0,2016,63749,406960.5630140032
5,1.0,5457,55854,818616.4616797772
5,3.5,3446,12904,624079.7272515022
5,1.0,1957,88966,395545.6864906651
2,5.0,4660,73556,839551.4936500198
5,1.5,5260,90535,947210.4490530053
5,1.5,1991,98855,410584.57443198806
8,4.0,2178,30700,589693.4182728165
4,1.5,4349,37633,669140.1972380398
1,4.5,4225,94644,782704.6557348164
3,3.5,3103,34055,653281.304455292
1,4.0,5786,28642,1200000.0
4,4.0,3737,63014,650155.6399408149
3,3.5,3509,68274,643872.6226950226
7,5.0,3264,13646,750099.6331234602
5,5.0,999,23173,361535.53573232336
4,4.0,4982,17025,993472.1947337261
8,5.0,4557,22549,945177.5775140726
7,2.0,2833,24853,510714.65961245523
5,2.0,2139,60423,376395.0302753055
2,1.0,836,71156,185259.97076689897
6,3.0,5510,21326,1066036.6901813396
4,2.5,1527,13463,354909.8937492739
2,1.5,5109,37163,1060368.8378903598
4,5.0,1019,24075,292920.1394290878
8,2.0,4724,53315,945824.4099428911
4,4.5,2995,26010,681709.9918864965
2,3.5,1260,76433,243586.5375198956
8,3.0,3223,10605,685128.1500558973
3,1.0,4550,46445,714907.1129481371
1,2.5,1049,47315,273401.15572315437
5,2.0,979,18652,245077.7631517742
4,1.0,1850,42229,474499.1230978231
5,3.0,3059,40530,622744.0948216844
6,3.5,3598,59101,658645.9004993691
2,1.5,5051,95950,1085969.022482404
5,2.0,2901,90266,653186.0128247695
2,3.5,1326,47924,352420.4325780834
5,2.5,2067,48541,505133.48517300584
1,5.0,3328,74658,681250.1550065717
1,3.0,3752,66327,747731.7554690095
8,2.5,4120,53654,956769.2302635153
1,1.5,5505,25930,1118884.7686719247
8,3.5,3954,13518,933145.2293869372
1,1.5,1015,40982,228865.21200727267
1,4.0,1199,16775,237482.3923268516
1,2.0,3674,33990,708251.944440207
2,5.0,4774,15378,918679.5018173639
4,3.0,2167,56402,390060.009993759
8,4.5,1694,49441,535396.9245255799
5,3.5,3543,81980,797981.0718486398
1,4.5,5916,89712,1091054.018697724
2,2.0,4753,35060,869128.1414664992
2,2.0,2047,84915,399710.6018594491
2,3.0,2092,56993,428404.9495356244
8,2.0,3271,32765,617707.8158499333
4,4.5,2058,69053,491181.0293735961
8,4.5,1808,33196,545825.2833331428
5,1.5,5534,25468,915122.0825915721
4,2.5,2812,18174,588685.461298287
3,1.0,1954,55820,418052.6680070793
7,2.5,5840,29098,1200000.0
2,2.5,812,82582,212648.76042756293
8,5.0,4494,14186,846489.9311629503
3,2.0,5202,26722,1176064.8674077196
6,1.5,3563,81504,690258.3963059887
8,5.0,3448,50452,881125.6719048725
1,5.0,3642,38270,790182.1200781427
7,1.0,3634,58311,745633.448334628
1,3.5,2332,51129,386708.1727946386
4,4.5,5940,16387,1063305.7148766238
7,2.0,5711,34394,1200000.0
8,5.0,3681,86827,1002715.532827236
5,1.5,5839,40093,1008777.1780477386
3,3.5,1870,66636,348561.4910608256
5,1.0,5468,78146,1040439.9568754
8,4.0,2129,45241,477678.74666167155
4,2.0,1681,64407,344202.68818824505
1,4.0,4131,38337,967173.6917482426
7,2.5,1751,14804,332932.6116846966
5,5.0,2322,44058,494235.7077048578
8,3.0,1316,85763,360450.6146153245
5,2.0,4799,67450,1050070.237745275
8,4.5,2790,61759,667696.963934551
1,3.5,804,69529,224664.83082758493
7,1.5,4429,41334,914436.6944587558
3,2.0,3709,73534,703333.494246228
1,4.5,4694,73452,727809.355392598
5,4.0,1932,16511,444251.7341875843
3,3.5,2648,50965,496110.0239879274
8,1.0,2449,49440,485035.7086709798
3,5.0,5442,73118,991575.028734254
8,2.0,1837,95263,530441.9762099242
1,3.0,2618,59217,520091.29610165564
5,4.0,5651,41139,1197205.2217749604
4,4.0,1117,95330,307343.0535462886
5,2.0,2038,78517,366182.51941527805
8,2.5,4686,22785,1200000.0
2,4.0,5727,64740,1103478.0423137883
7,4.5,2652,90202,649847.8091847991
6,1.5,4968,80632,1005111.5459907516
4,5.0,5117,23950,1038747.8632374029
3,4.0,2912,74642,693862.6721399766
4,4.5,2859,61169,515748.5262972032
7,3.5,3749,82209,784320.5814905019
3,3.5,1381,77278,281173.1749260978
7,5.0,3313,48488,699518.8444548604
3,2.5,1844,46277,455259.4685859874
4,3.0,3016,55041,605253.9586140915
3,5.0,1575,13534,353825.5280679898
3,1.0,4091,90221,747601.4012426521
2,2.5,4025,80672,597334.427138781
5,4.0,1016,81121,279122.6086309322
5,5.0,814,84090,254320.7425614047
6,3.5,4578,66310,842154.8636129387
6,4.5,1735,11634,447105.7458136149
8,5.0,4375,26908,943235.2632703658
8,2.5,5609,31310,1200000.0
8,1.0,2182,90653,366421.58740550675
2,4.5,5123,77258,893955.3700369709
6,1.5,1332,84147,364442.73300944746
7,1.0,3346,66081,839131.3143948491
8,4.0,2863,71572,659086.2744323487
8,5.0,5108,79400,1056648.0978161874
4,5.0,4404,76603,960062.219521086
1,2.0,3027,82807,516195.2575485055
7,3.5,831,87364,285055.322700504
8,4.0,5530,41131,1200000.0
8,5.0,4953,30386,1010207.6491934301
8,1.5,5975,59781,1200000.0
1,4.5,1002,71760,265071.02516788436
1,4.0,5465,77370,1200000.0
2,2.5,664,64470,160214.2975610823
7,1.5,2837,63283,555206.3863820411
2,4.5,1549,12353,392026.2993515756
3,3.0,772,23878,239733.23177858003
1,3.5,3275,86668,554277.9582882801
4,4.0,1850,18203,387927.9082544388
6,1.0,3648,20322,659441.214436648
4,4.5,4605,86831,875566.8269533535
6,2.5,1237,68775,327055.37984868925
1,5.0,1548,45925,309154.5027129343
1,1.0,2860,32247,487877.3941845243
1,1.5,2294,27340,451565.68776967295
2,3.5,5447,95778,1076061.5702858253
7,1.0,5357,32522,1106266.3127272748
6,2.5,742,54594,199651.05698358206
7,4.5,5181,87631,1117998.6862748568
2,3.0,5687,56335,1128069.3481135347
2,5.0,2060,98961,451050.45938842045
5,3.5,4487,44723,902992.6233255053
4,1.0,892,85740,194067.10090401466
4,3.5,2243,14991,609725.9687307132
3,3.5,3318,46833,814683.9060463697
8,3.5,1437,26067,382132.0582772239
2,4.5,1637,23763,416396.72207855183
6,3.5,871,61955,291436.6896892592
5,3.0,5744,54863,1015394.3366320124
5,1.5,2558,27408,482651.10676329443
8,2.5,2969,35176,550477.0760944486
7,3.0,1405,45097,398742.5023222359
8,2.5,3774,61850,912420.8713493304
8,1.5,1482,63846,338789.94479080907
8,4.0,1431,45794,404721.6197786262
4,1.5,5808,73324,1159729.1662138987
2,1.0,3771,99767,767710.6835360678
3,3.0,2791,68486,591416.5854837287
2,1.0,2640,11011,481356.45609795576
7,1.0,5801,33427,930609.6590631304
1,1.0,2194,48392,360349.0702014026
8,3.5,2226,68990,526436.0068085255
2,5.0,4184,60852,930603.2936354979
7,1.0,5916,25229,903198.6846485987
1,3.0,873,88780,196852.42603640072
1,5.0,1189,92138,308541.61355928413
8,5.0,3300,99998,594585.983768311
3,1.0,1182,35302,240739.01900756662
6,4.5,5663,33536,1200000.0
4,1.0,4233,97746,819700.3803889825
2,4.5,2590,15585,488434.92468383926
1,1.0,1858,59130,333932.1397884109
2,3.0,3466,71957,793765.9869509396
6,4.5,4338,67210,953769.9540779965
4,3.5,1171,92731,260852.31265364407
6,5.0,1144,90373,281693.5476748922
4,1.0,4822,15456,818587.5512636746
5,5.0,5428,63861,1103047.80871809
4,1.0,5112,47289,952064.7452726841
8,2.0,1237,19775,361935.7726123682
3,1.0,640,74881,169359.77467793983
6,2.0,5482,24099,992596.296921438
1,1.5,4992,51842,944031.1834971433
8,1.5,2220,67163,554893.7639097082
5,5.0,4272,92351,929682.9612540819
3,4.5,4737,87762,892861.0525150881
2,1.0,4728,84675,959816.1059867467
8,2.5,1899,54867,507479.8943925506
6,1.0,5311,19859,1137846.546902197
7,1.0,5643,65700,981163.7869131783
7,2.5,759,12539,242985.94226743918
1,1.5,2552,88735,411473.6782452564
4,2.0,2331,43158,469000.74919680465
1,5.0,3046,75618,618098.2885017486
7,1.5,3762,60154,646824.0444875611
2,2.5,2332,67824,429568.7179415439
5,1.0,1180,22281,244468.04735045036
5,1.5,819,25120,198819.02511206132
6,3.0,5074,19946,940388.4909218487
5,1.0,2349,86427,532203.5742176241
6,4.0,2070,95176,412041.4820248572
8,2.5,5659,36111,1200000.0
6,3.5,5865,62396,1200000.0
8,4.5,4928,43290,973230.215973205
6,3.5,1994,44462,463613.35942172667
7,1.5,1521,94172,350731.4749138806
7,1.0,3373,14837,734379.1055972666
4,4.5,5062,21801,960125.487168041
8,4.5,5176,33710,804294.4587451902
3,5.0,4034,50916,688076.3868055424
8,3.5,4182,23065,784226.6976138129
6,1.0,1718,72546,447280.59971520095
6,5.0,2465,55474,674131.6665752038
3,2.0,4911,46388,918622.3082593225
1,3.5,1324,86167,333330.37898618093
6,5.0,1311,84667,367870.8061804984
4,2.0,2425,89843,519804.1346875854
5,3.0,4526,13709,704211.045599598
5,3.0,5680,58754,1125149.8252551495
2,4.0,5854,96257,1200000.0
2,2.5,5802,15094,1183898.0294334553
5,2.5,990,19415,256846.6278779447
5,4.0,1670,58846,449694.28723063547
7,5.0,5087,89066,880498.9391149274
4,2.5,3365,17472,638250.1264885563
3,2.5,5080,73730,826114.6562810361
2,3.5,3028,46131,571966.4041410137
7,3.5,5978,94943,1200000.0
7,4.0,5629,93737,1078611.882560834
3,1.0,5094,37948,1066943.2306266015
7,2.0,2747,56908,475523.24412868684
8,5.0,4172,59835,861493.4349655071
4,3.5,5078,33115,1103928.479045501
5,3.5,3354,37961,586408.4090584454
6,3.0,3863,57083,682238.735774977
3,2.0,4425,69417,1045873.359015143
5,3.0,4016,62062,676421.6788479027
5,1.0,2657,57182,518003.48139764153
1,2.0,2911,12017,477406.8898462841
8,2.5,3479,14223,728173.2061802567
3,3.0,4242,71852,712977.7405971024
7,5.0,3209,60509,747118.8856727768
6,2.5,2030,33075,571335.5964115119
3,2.0,2513,16531,533320.043530198
7,1.0,1357,14666,336659.3081965148
5,3.5,2734,99317,608507.071997751
6,4.0,5686,54023,1036103.1112526493
7,4.5,2512,45236,553060.1910741526
4,1.0,2339,50059,414733.81927625247
7,2.5,3817,50023,880876.8043336165
1,3.0,5356,14236,814068.2099862773
8,1.5,1734,77475,376969.8359572365
5,1.0,4312,46624,801048.1133172502
7,4.5,1364,42818,399756.0309287891
8,3.5,3325,91462,802587.1339817849
2,3.0,3968,40100,659717.4352276755
2,5.0,4097,76896,1000363.0753291486
8,1.5,2272,54696,606908.2922818699
8,4.5,4005,87530,861198.9722769391
1,5.0,1182,34941,246909.41942809982
4,1.0,5366,69347,870593.2900888064
5,4.0,5233,86629,1198543.2360306114
3,4.5,2421,43025,421985.3319176689
1,2.0,1785,21651,278448.46328027424
4,2.5,5125,93254,1044107.6636363276
8,2.0,2237,59823,448147.3430070749
3,4.0,2780,58122,574590.4048772972
8,5.0,788,23589,287434.32069575123
8,2.0,2346,49768,621059.439299458
2,3.5,4426,74986,736531.1331385288
2,4.5,3220,95558,648504.5645100947
3,3.5,4545,10234,768583.6817367038
1,1.5,2926,82370,591858.3732811364
2,4.0,1784,25055,450668.7142911531
5,1.5,3393,78743,587084.5835171675
8,1.5,3546,12400,813788.8363015797
6,1.5,3100,85145,596930.2511306893
7,1.0,5546,97009,1077453.5308200456
3,1.0,769,99471,185445.3785846615
3,4.0,5525,64157,838036.8155950034
2,3.0,3345,99410,577908.8782448166
1,2.0,1680,70598,339708.3352265705
8,1.0,1863,35015,487872.9652413809
5,3.5,5464,89720,994751.8585643511
1,1.0,5053,76186,872694.0493621185
4,5.0,2848,74430,764859.5240302057
4,1.5,4508,59185,868055.3126434201
6,1.0,1925,72306,441839.087217871
2,4.0,3777,29416,915628.8635471804
2,3.5,4473,88655,831717.761360404
2,3.5,2748,83180,635957.7242522939
6,3.0,5816,60262,1027652.0521608192
4,2.5,2288,84189,524164.4217335461
1,2.5,3585,89952,647492.0869726556
6,2.0,2676,63662,558241.264481851
6,4.5,2129,77410,529345.3940044979
1,4.0,2061,62191,394078.0933441538
2,5.0,2002,85965,499044.4145816391
5,1.0,672,22213,137403.68563245705
1,4.0,4949,58987,842199.2550039337
4,2.5,4634,93176,838809.0671946482
3,4.0,5211,69783,999361.6187520399
8,1.0,3396,71353,825759.339714137
3,3.0,5739,25802,1200000.0
7,2.0,5116,91658,1159957.427284747
7,3.0,3093,70646,684463.4479256346
6,2.5,5574,97189,1200000.0
8,1.5,4831,53671,852741.7751824061
3,2.5,4176,99637,682533.9074508457
5,2.0,632,76945,169050.7010101652
2,1.0,3294,53388,479139.1839449771
4,4.5,4973,44600,937970.5652574865
7,3.0,5445,93944,1058107.3782127036
5,2.5,4198,70690,835962.2186988352
4,3.0,2992,15736,477011.56834598223
4,2.5,4712,80529,1055499.3927964813
2,2.0,3471,53871,565932.8733767547
8,3.0,3277,57165,556727.2658458137
6,2.5,2001,66786,359625.9641616017
3,1.0,1417,41247,280379.07260231813
2,2.0,2260,38821,468618.46783975925
5,4.5,5162,13213,1022965.1076358136
6,4.0,5323,39495,1179782.701759607
5,1.5,3038,81744,595733.5360184045
6,1.0,3583,19644,559768.1726549462
8,2.0,1810,16453,452893.02892756875
7,3.0,1199,86629,258820.97711546568
5,1.0,2446,21263,547311.4296464287
2,2.0,2455,66480,430748.31263534684
6,2.0,2487,75841,569911.0704668594
6,3.0,1279,42021,298686.76060175896
4,2.0,3852,27958,777388.347996242
4,5.0,2435,76408,483928.87024126534
1,1.0,4630,51128,828723.6282139415
5,2.5,2777,97498,582108.1500066172
4,2.5,748,52563,204887.4630568243
1,1.0,2095,27414,440618.40945725614
7,1.5,5513,85462,1112074.9545021274
7,1.0,2344,65883,563515.4541113578
4,3.5,2246,47210,506711.4194455421
5,2.0,3595,25290,652139.4995944534
6,4.0,2272,13667,648991.8514720615
3,3.0,2539,27660,580894.0926798823
8,5.0,1257,82089,397734.75673734007
5,4.0,4267,92462,993754.2128920208
8,2.5,1653,67698,394344.5372357896
2,3.0,4671,14808,963146.3247266408
7,3.0,1176,50499,326098.3137752584
4,3.0,3695,38015,836617.7080911242
4,5.0,3631,43351,645439.3461442018
8,2.0,5418,59662,1078814.3878637445
6,3.5,5379,84674,881673.6355147524
8,4.5,5437,46241,1072989.5971572923
2,5.0,3572,11198,680456.7022580197
6,4.0,4548,22113,1049526.6116733772
2,2.0,2645,48639,399701.80408817675
3,1.0,4536,74036,993821.8519670821
7,2.5,3548,95223,795514.0443879482
4,3.5,2227,77983,365232.27587302093
4,2.0,2088,84944,378187.0812951311
3,1.0,4745,27674,807524.7251733482
1,3.5,4798,22413,1046904.1844936588
7,1.0,5063,64986,1007116.4712487137
6,5.0,1535,57937,316892.3879455648
3,1.0,4163,83085,879791.5962776089
6,3.5,4229,33071,851056.7961829279
8,1.0,2314,84229,578643.73441179
5,4.0,2402,53831,402791.09000643354
4,2.0,2020,92306,359748.50144758803
6,3.5,4191,51371,750524.750602823
2,4.0,4120,77542,829783.0289990305
6,1.0,3911,15213,896995.9410325536
5,1.0,2905,73815,526899.1168892863
7,3.0,2595,61299,516531.6133608381
4,3.5,2567,46636,510675.36109151674
8,5.0,4314,73948,857093.9396381538
3,1.0,4635,85066,913206.1536324879
8,2.5,5085,57128,988952.7699940882
5,4.5,5468,82173,1044087.0102039278
4,5.0,4058,59504,753910.66084783
6,2.0,993,80500,234697.63709904137
7,1.5,5378,62340,1121704.552142828
1,2.5,4330,44070,861838.0359779404
7,1.5,4965,83285,1090230.7172725066
1,1.0,4844,76382,924001.1549711032
2,2.0,5506,88926,1115312.4978843622
7,4.0,627,89271,239824.2028602252
4,1.0,4091,99441,681687.7337287252
1,1.5,5901,24876,1102756.4715307285
3,1.0,4861,89503,705267.7337126659
4,4.5,1773,61676,532310.4981459733
3,3.0,938,28262,221836.18269353392
7,4.5,1668,95550,385559.86265444837
3,2.0,1441,34054,281909.1024300867
1,4.0,4884,33051,885845.7497706224
4,4.5,5346,38385,1188623.2786896427
6,3.5,893,45587,231694.7199444836
5,4.0,2457,65131,539307.0762601377
1,1.5,1922,37653,342061.3228440583
1,4.5,2247,54790,415220.1636669445
6,3.0,5498,52018,1110889.2328775362
4,4.0,4220,70992,846308.4825076401
4,1.0,5126,64840,830923.7155600635
8,3.0,3694,95184,754394.7812245963
7,1.0,4091,97943,789743.8067899158
3,4.5,4095,54561,786711.8112932808
7,2.5,5182,92594,888070.0137869724
6,2.5,4401,20070,889736.6801644459
7,1.5,688,49025,228327.6422553309
6,3.0,4966,43779,1126269.3129033793
4,1.0,2556,26616,445895.25004743156
3,5.0,1499,10797,376299.28245000617
7,3.0,4077,49889,952957.90989099
1,3.5,2344,74390,392658.459312009
2,1.5,4973,23594,870902.7549586359
8,1.0,2853,57754,659265.7448411854
5,2.5,4261,63639,773386.6964210913
1,4.0,3560,83226,684965.0629791286
4,3.5,2233,22669,460174.8054791141
5,1.0,1461,94509,377528.9510129622
2,1.0,5301,31085,1151077.845673752
2,4.5,5757,38787,1142290.213690407
3,2.5,1613,34051,337531.71268737916
5,3.0,3899,65566,793289.7681491391
3,4.0,2106,60615,498302.52469153435
1,4.5,3805,87090,686878.8508997082
6,4.0,5403,62262,1162114.3931064452
6,1.5,1577,47639,384130.4743475112
6,2.5,4061,88890,761779.5063206935
5,1.0,2417,15289,491871.9386128701
6,5.0,4284,34744,863002.2285466811
1,2.0,4658,27945,768922.6375391736
3,2.0,3234,99779,532849.8896587784
5,5.0,5501,66964,1159179.8224964924
3,2.0,5415,34227,900549.5312146455
5,4.5,4266,92494,691716.8536459482
3,1.5,1548,19934,354946.8157352845
2,2.0,1073,55530,284735.20835430024
3,1.5,1167,63168,246933.18681925986
6,1.0,4032,86086,587314.9589885704
2,1.5,4623,75095,846324.8342693402
3,4.5,2858,79560,609906.2453090642
5,5.0,5777,41772,1200000.0
5,1.5,3744,18722,640384.3125195719
8,4.0,4910,60142,1130091.141386844
5,3.0,5595,77656,1104435.2054450822
4,2.0,2582,96884,584697.0776892083
1,5.0,1696,15877,356861.13425419125
5,3.5,5990,28904,1200000.0
2,1.0,4170,96328,640542.4702434783
8,3.0,5953,92871,1052721.830758573
5,4.0,3990,90195,873861.9500191626
4,2.5,3272,39684,572300.0518259894
6,4.5,4246,76500,991234.7210752643
2,3.0,3019,44902,615674.2059389411
4,5.0,4879,63606,946477.1156178664
6,5.0,3948,45571,708684.5904510457
7,5.0,1273,79447,309737.16087353026
7,1.0,3402,86752,570431.7781913046
2,1.5,2969,76944,687965.4838895554
3,2.0,5130,97157,992932.0387066181
1,2.5,1666,96513,365426.1998475371
8,5.0,1287,88731,368956.37104511296
1,3.5,5583,53938,1145315.7221595712
4,1.0,668,67203,178974.50561263209
6,5.0,2703,67805,760617.819932146
1,3.5,1019,82649,241200.18348948058
6,2.5,4598,50910,741565.6210162746
6,2.5,3197,32761,627682.5716848363
4,2.0,4938,34992,1120655.7707572319
4,4.0,2724,89314,494763.0529218841
4,2.0,4492,97521,895691.5113855879
1,1.5,1039,65448,202641.81744683586
7,4.5,1886,79903,423602.28633061156
4,2.5,1808,55447,404746.4349431557
8,4.5,1678,20786,525210.7893798668
1,1.0,3163,52706,669236.3208483647
4,3.0,4223,86587,806915.5742502591
5,5.0,1853,25611,465969.78450310905
6,1.0,3957,14490,657050.7403235864
8,2.5,3809,60004,970513.7649301105
4,3.5,4149,70634,900497.5224114887
2,4.5,1214,16377,337941.8219000397
6,2.0,3678,19903,768217.856547414
6,3.0,3323,24567,646297.5469207936
4,4.0,4090,98421,732567.4082186457
7,1.0,4143,58556,802773.7238457625
3,4.0,5115,36606,926811.1891797724
7,4.5,2500,92976,539548.8955004725
4,4.5,4971,12260,988367.5895564046
6,5.0,2312,40267,479905.56989951193
8,3.5,2929,68369,538948.6105845384
2,3.5,4219,60060,971690.0619777394
8,1.5,1794,26833,412016.10166599613
8,2.0,5506,13498,926623.198995364
6,2.5,1978,75310,499772.90959738474
7,2.5,1912,56729,452583.78484055074
2,4.5,3515,20518,787495.2935347622
1,1.0,1349,88037,242902.48988946286
5,2.5,5892,32254,1026846.2453697226
6,2.5,900,91438,226991.75628055693
4,1.0,5295,35545,739517.0609245629
1,2.0,4582,13345,806052.0259202778
5,3.0,5224,90906,984832.5793567953
4,3.5,4437,66366,711967.1242276637
8,5.0,877,56721,310516.23898729216
3,5.0,5358,69829,1200000.0
4,5.0,3158,19642,740189.3214503193
2,1.0,4517,93375,740418.6756416697
2,5.0,2761,99217,524017.56936519174
3,4.5,5275,74533,1079248.9939995238
1,1.5,1989,82571,429062.29602116806
5,1.0,1290,63382,248741.41381842253
4,1.0,5332,43299,1199890.1014677421
2,3.5,4068,45035,748575.0973153181
1,5.0,2448,33583,409275.7104998211
3,4.0,5518,32105,978069.6774037706
7,3.0,5570,91666,1013704.0259230806
6,1.5,4416,23736,882193.7559643065
7,1.0,1539,52281,300300.16320821195
7,1.5,5637,89351,1164525.8322799676
2,1.0,3782,99932,622643.1520205449
8,2.0,3909,34312,762683.4543134238
8,3.5,2650,87780,565714.906558966
3,4.5,2346,52668,445922.24388984026
4,2.0,3051,65652,549828.8150253046
8,5.0,624,21718,258240.73145772165
7,3.0,3156,92320,545950.5573404781
8,4.0,660,53997,247926.6537974351
7,4.5,722,41428,255846.63988384433
5,2.0,2702,68822,602842.2791545037
2,1.5,1786,36490,328742.53382842906
2,1.5,5758,60209,1138829.0699810972
4,3.0,5802,57351,1193886.749612453
8,1.0,2330,51001,393108.5761149154
8,1.5,5241,55856,1112501.466038241
6,5.0,4689,26410,974099.1856136976
1,4.0,3072,62685,525423.0273971753
5,3.5,3565,45386,815840.8879707278
2,5.0,2877,84898,525337.0980434854
5,4.0,4687,99547,886030.2199394932
2,3.0,3564,82578,675180.4552479883
5,5.0,1910,35286,524727.0436772744
3,3.5,754,21391,206711.98030853266
7,3.5,2812,36999,593164.341636969
2,2.5,3853,12018,790961.7003095722
5,1.0,1862,22952,434920.4393849609
8,3.0,1962,91776,432763.6830497275
1,5.0,1537,96798,372155.1936772907
3,4.5,1111,29282,247796.7391387498
3,4.5,5627,97995,1055775.6612295303
1,3.0,786,64354,231545.8709063897
5,5.0,2445,27942,662260.0395332532
8,2.0,2302,70938,574663.1818850567
4,2.0,990,11722,246171.1446495856
1,1.0,5979,46820,1069703.8177146893
5,5.0,1254,77187,363470.7350852624
1,3.5,4871,97142,912933.470872978
1,1.5,3421,44546,765528.5654052685
2,4.5,1363,75030,316375.1010227951
5,5.0,4000,76219,925974.083516375
4,5.0,5626,28394,1064654.9184433057
7,1.5,5919,68559,1200000.0
2,1.5,5406,56705,1058538.5479375026
1,4.0,3867,94502,746659.9031381548
7,2.5,1685,36469,409786.90642313944
6,1.0,2529,84041,559721.4313020102
7,4.5,4976,71338,956187.9503872321
1,1.5,2563,15492,501808.9728036652
1,2.0,2385,26827,495209.8616737327
8,3.0,2874,37492,689856.3086542
5,2.0,3286,78802,559478.5078161466
5,4.0,5777,81445,1087431.0373577953
2,4.0,3568,22869,592319.9478225859
4,1.5,5172,49782,777771.9669262774
2,4.0,1315,31863,223703.73750820133
3,3.5,842,71987,215388.76977040895
1,5.0,5631,54055,794674.6612619464
7,5.0,4515,83355,859446.6910669545
6,1.5,2123,39136,414152.27404773416
1,4.0,1437,24837,351261.822197973
1,3.0,3923,85592,865025.9207893481
2,3.5,3553,10715,794929.7097059786
6,1.0,1945,27275,418349.1659815715
6,4.0,3023,30191,530663.597936767
6,3.5,2628,92420,547169.8432724215
2,2.5,2032,70126,420644.49069943454
1,1.0,839,61792,196915.10503139909
2,5.0,738,18894,216521.54960631835
5,2.5,3793,94253,576038.4878832737
5,1.5,1019,94114,282964.76744720945
2,4.5,903,33321,229666.36862914203
6,1.5,2762,34959,593740.0851233298
8,3.0,5970,20515,1200000.0
1,3.5,2626,84613,555278.0796901541
2,4.5,4702,75196,813165.8283503021
2,1.0,2826,31443,603354.9496848029
2,1.0,1768,63550,311629.07275858533
8,2.5,1015,85979,246706.24190232586
8,3.0,3313,47208,801579.5427185498
3,5.0,5840,11783,1200000.0
5,4.0,5843,88649,1099445.830569137
7,4.0,749,80921,242554.22795699158
6,4.5,3044,16982,651455.6662955226
4,3.0,1438,88943,337092.92114815523
8,3.0,2296,25316,424345.6971960954
7,1.0,4939,77966,1009703.548597912
8,5.0,2510,12936,612378.7385011312
6,3.5,2021,87400,516316.5182736572
4,5.0,5970,84843,1200000.0
3,2.0,5574,16709,1081398.1305822807
2,3.0,3601,30707,777725.6476955202
3,1.5,1920,49384,342990.2488889573
8,3.0,5672,45187,1200000.0
3,4.5,4635,76935,1077179.8771202574
7,1.5,2123,52536,389632.8085022291
1,4.5,5834,34188,1153262.2641769857
8,2.5,4478,24245,1010902.8280751396
8,1.0,1152,98907,306600.23319606914
7,3.0,4356,42286,1110701.3587182802
5,1.0,4271,97229,817681.5594001254
4,4.0,1081,44303,291160.39428061876
2,4.5,1199,96673,322229.5190656356
7,2.0,1764,51049,387314.7236421205
4,2.0,5278,90901,1169426.8919858004
6,4.0,4832,66200,904733.3991760953
4,2.5,1603,88986,337327.4363454469
6,2.0,2582,79726,497739.35748735943
7,4.5,2234,52861,471335.33208692924
8,2.0,3597,53639,770432.4448387667
8,4.0,1286,33937,296701.1612415374
5,1.5,4014,69514,764600.0036310109
7,1.0,5605,82988,1021680.8431608854
6,3.5,2359,13960,528767.7909925277
4,4.5,5537,49602,961517.9159513166
4,1.0,3080,20564,557110.3876162089
6,5.0,1937,75533,567344.7814302421
3,2.0,714,57510,185108.89483556733
5,2.0,4557,15091,815820.7711122966
1,2.5,1168,72335,252135.8429559844
8,1.0,2153,40519,422865.29183973727
2,5.0,3289,13710,723998.388559535
4,2.0,5190,73564,892626.6512326958
2,2.5,3940,69977,767206.9791711996
1,1.0,3588,74975,538774.8155594382
7,2.5,3751,67614,750447.8057866835
2,1.0,4127,17988,801981.631721813
1,3.0,3615,45754,602925.9645825154
8,3.0,1421,33074,441667.09002527694
6,4.0,4174,31198,805598.7190324297
3,4.5,4387,86045,908687.1361277817
8,2.5,2208,35180,508522.1446842371
4,4.0,1159,58068,286592.8044847719
1,2.5,5737,26560,1175660.1133149804
2,2.0,4663,52674,898597.7319950025
4,3.5,5035,75152,854231.2126326509
3,2.5,1211,48938,254831.52920929523
6,2.0,2763,45391,592336.5479474064
7,5.0,2481,38731,614227.4389567395
4,3.0,4769,94698,876099.6666210307
7,4.0,4463,35236,809202.7130643015
1,3.5,4308,47133,684499.229618724
3,3.0,2309,86915,536414.5816944962
2,4.0,2361,14340,426643.9608749403
3,3.5,2292,80291,440522.95542335534
3,1.5,1845,58731,360667.65367229714
5,2.0,725,67428,183820.99441743986
3,1.5,5352,62822,1096160.7582507825
3,2.0,1799,51866,333532.5297582191
8,1.0,3311,95441,676068.2900325212
4,4.5,4046,93795,931300.06447791
2,3.5,1590,51813,334192.4598877333
8,1.5,3665,76042,701831.2232228694
8,4.5,5554,84135,1200000.0
4,3.5,2121,97310,554114.0601785913
4,4.0,5328,18715,826096.9033476029
1,1.0,3098,97533,595397.825905319
4,4.0,3165,65902,585929.2391263928
5,2.0,5390,24783,1038286.0437629526
5,4.5,3197,99012,595309.1061475314
8,3.5,5624,77933,1116638.280781423
7,2.5,715,50680,221695.76351040512
1,4.5,1631,69179,323498.3656053157
7,5.0,1841,49970,470082.7898866296
7,1.5,2342,83236,475370.83675330266
8,3.5,4238,14718,874272.6804117723
6,3.0,4999,37111,930483.5422114043
8,3.0,4690,48718,972438.6853918713
2,2.0,2575,85769,502127.6266973989
2,4.5,4783,89707,856267.9401875585
4,4.5,5729,20726,1200000.0
4,3.0,5003,27139,823471.2288692787
6,4.5,5497,75681,880721.337622031
4,4.5,763,54782,264177.9425582912
2,2.0,3910,29958,745114.621147985
7,1.5,3988,31307,841516.1211390311
8,5.0,1595,79134,437036.5439591766
3,1.5,5790,23583,957915.5249732876
5,5.0,5894,27013,1088773.218558
3,2.5,2477,57984,463652.8887616641
3,1.5,2423,54874,487269.35985792597
2,1.0,5506,50197,867474.8881420918
3,2.5,2895,19096,562954.4954641052
8,5.0,3864,81091,718344.6035869682
6,5.0,1948,83533,466274.048876805
1,2.5,2403,86345,433219.76900122146
4,5.0,2851,35618,623893.8922775268
1,3.5,3500,19868,639813.7644437877
7,1.0,2193,31882,475718.3285645846
8,3.5,1032,30639,304193.4696569894
8,5.0,5847,46963,1173728.8375900646
5,1.5,4417,70464,711916.1684177412
8,3.5,5517,39470,1158165.39841944
4,1.5,1670,80714,383155.32878613437
8,2.5,5200,73670,1043596.8464713064
3,4.5,714,86434,201417.1795386071
5,4.0,2039,81102,477848.5746529455
4,5.0,2390,30353,569928.0688317773
6,4.0,1594,48188,372584.0771612034
6,1.0,4918,43375,984834.4101768365
6,1.5,5331,81210,873303.8252285403
6,3.5,5367,32272,850641.9217311512
3,4.0,1557,31716,322854.7796522718
8,2.0,5628,99276,1200000.0
1,5.0,695,98706,182525.66041165614
4,4.0,2754,45162,587448.3301663465
3,3.5,1231,86587,306445.7486264028
6,3.5,4284,83606,778781.2330902874
7,1.0,2301,39472,516137.5721566139
8,3.0,1297,68504,408917.06398888247
1,2.0,631,65441,158903.32399708615
7,4.0,5898,71401,1200000.0
5,2.0,5474,68835,926972.0515211738
7,3.0,5611,66936,972904.6381982181
5,4.0,1148,96518,284347.56550454657
5,2.0,2848,41518,602715.1363432268
6,1.5,2493,94935,534134.3333853496
5,3.5,3434,64462,815030.0117257637
2,4.5,2303,37313,607265.979813092
4,2.5,1756,26110,487551.5951632278
4,5.0,943,44816,266190.3412585236
6,4.5,5895,71549,1200000.0
2,4.0,4672,97889,914761.1085346586
7,4.0,4062,38530,851011.5902256449
3,2.0,2848,10893,430857.45150217775
7,3.5,1544,36885,452021.71404777694
8,3.0,5621,54560,1200000.0
3,1.0,4480,23613,907335.1314365538
5,2.0,2650,89852,525554.4777556681
1,1.0,3885,16087,738559.6851409525
3,2.5,3455,45701,531352.2293142821
1,2.0,1930,28665,342345.9677276042
4,2.5,2603,39622,565194.8138680065
1,5.0,4215,92403,839104.2331057558
4,2.0,2387,51989,597300.0732357864
2,3.5,2846,54741,586856.7765913841
2,3.5,4272,88700,893245.2460615949
6,4.0,2755,30163,716350.3990617576
6,5.0,4079,81637,796624.3967169217
5,4.0,3620,69175,800661.8966474155
3,1.0,651,43546,171287.78161622744
5,4.5,2759,13475,690037.3326456832
4,3.0,4990,80259,847712.2112123759
5,5.0,4251,24890,775990.2397636446
1,3.0,4515,33270,867001.0438633892
4,3.0,2712,16713,523584.10087867634
6,1.5,3221,84137,636364.6417836306
2,2.0,5160,75317,1066357.0715645384
6,5.0,5329,75117,1120229.574477556
3,4.0,1954,92979,449369.00385802466
4,1.0,4354,72594,800750.1469174399
4,2.0,809,93520,203550.91536422638
1,1.5,837,88271,170698.4736225327
3,1.0,935,94153,213350.20313137255
2,5.0,4438,66505,820710.270216909
7,4.5,2176,52257,544973.0933068498
4,3.0,1099,89510,261998.39258379102
4,1.5,2164,56492,367039.9189714391
1,1.0,1390,86159,284945.66308029013
5,4.0,4140,25395,1044170.6238375847
8,1.5,3722,82005,751671.9561234628
2,1.0,1735,35040,308420.90281318006
6,1.5,4544,78702,911121.3290534001
3,4.0,2948,31637,646079.5536709938
4,4.0,4924,77745,1062935.036722849
4,3.5,749,18747,244691.71150777725
6,3.0,3806,30250,724967.5400589668
2,2.0,4128,87737,759767.5099249822
8,2.0,2224,64040,473558.97577175236
5,5.0,3174,41305,706470.9947210156
4,2.5,5028,75318,1003189.4315468936
8,5.0,4869,74237,938374.6504261025
2,2.5,3884,93110,924234.4962739798
6,1.5,2708,62362,614217.36952885
1,2.5,4547,20096,830224.5151810994
5,3.5,5780,85764,1070098.2025354716
3,3.5,5514,19218,1200000.0
4,3.0,2863,94338,678416.3351481152
2,1.0,2212,57381,423302.905494317
1,2.0,4415,94483,760466.9590484487
3,3.0,5319,29335,936690.0943188831
7,3.5,1177,56861,420885.3455841328
2,1.0,1022,39907,241106.8147865848
2,5.0,3363,92189,705933.4391204519
3,2.0,1829,49387,351263.1655043701
1,2.0,3776,97567,695209.5514649347
7,1.5,1353,84655,339821.0907038596
8,4.5,5442,67407,1083639.2782058958
8,2.0,1287,75262,349581.179220585
6,3.5,1322,14555,390020.8939946704
1,1.5,1346,56095,254167.53000308035
5,4.0,4937,74051,1043442.3390738693
4,2.5,3312,11042,572889.3934834814
3,5.0,1307,14188,296145.11527636007
6,5.0,1034,88596,313408.22367235075
7,4.0,5476,68153,1071096.7283107562
3,4.5,1083,20233,316643.1090349028
3,2.0,4118,13088,725098.0944122185
1,3.0,2133,11646,405639.56139859365
4,1.5,769,23127,231769.08253604575
5,4.0,1620,42615,339117.3049722657
8,4.5,5564,76023,1200000.0
2,5.0,1447,25453,373765.5112489012
2,4.0,1295,62233,369101.43456678663
3,4.5,3946,44515,764555.4718200068
8,5.0,4613,68092,956713.0454664995
8,3.5,631,92447,201255.346519815
4,1.5,776,75000,173840.19411702664
7,1.5,3564,93087,589211.8624703365
7,2.5,2712,71993,513984.0679583041
6,5.0,4486,63762,1084117.2021624027
1,4.0,2102,91814,469419.3224927066
4,1.5,2915,96392,570559.8367115224
4,4.5,3244,87467,563052.1052613322
1,4.0,665,32188,175814.9695788674
8,5.0,4828,76019,883853.7933132481
7,4.5,2528,10451,656709.0169681138
7,2.0,5611,14069,1191357.7655285993
8,1.0,1184,74274,324346.982569295
7,1.5,5844,23386,1200000.0
3,1.5,2348,17207,471854.2463508614
4,2.5,2804,48439,645919.1074352764
2,3.5,4230,62285,621804.8008203774
1,2.5,2492,28157,385369.7082130874
7,5.0,3029,97542,839988.3370572288
6,2.5,3693,84726,780431.750419324
7,3.5,1573,93985,442637.3889053962
7,3.5,4624,51357,786424.9092780194
5,1.0,3242,24929,664095.2772158636
3,4.5,2042,58747,472290.8034468952
1,2.0,4929,17913,1009272.5134175295
5,3.5,2077,85531,523200.3268527738
5,2.0,1370,36727,288335.39321302716
6,1.5,905,11946,203880.08449334415
4,3.0,601,71061,142460.43066793296
6,1.0,870,76930,196289.1083952494
4,5.0,5116,71472,859088.8345367876
4,4.0,3814,77957,710100.5698774646
1,2.0,1463,95839,263956.4311824882
7,2.5,5705,29467,1108829.7824338037
1,3.5,3339,34504,709130.6134444511
3,2.0,3514,86516,664682.5196874326
4,4.0,5756,11844,1051711.9696520953
5,3.5,706,44572,181688.62471268766
7,5.0,3768,94423,944635.5899840828
2,3.0,5829,93813,975126.9274511121
3,2.5,5244,32975,881183.2818580279
1,2.0,3199,29449,690157.7619241433
6,1.0,2835,29459,501063.59839136613
3,2.0,3399,76795,663684.350398295
3,2.0,2111,28604,375073.07111802587
7,4.0,618,89395,206660.80650576524
3,4.0,1458,70140,285433.5084600439
3,1.0,2016,35362,319497.12712643534
2,2.0,5980,37943,1141931.0849735483
8,4.5,3632,31319,660424.0410894505
6,5.0,5105,61050,1086312.0441794917
6,4.0,2026,17697,521395.65612210217
6,4.0,3131,98611,610491.6303772988
4,4.5,5319,63655,872740.2787932445
5,3.5,5351,38735,924721.9097082744
8,2.0,5463,41293,1083841.3163097925
6,1.0,4638,79485,875749.3971883693
3,4.0,4713,86195,905063.409088723
3,1.0,2831,18010,598429.4466724274
6,1.0,3052,99359,564260.7334777873
7,5.0,3446,91936,763263.1216270126
6,4.0,3802,50727,801044.5092529975
3,2.5,2416,24787,566371.978295234
4,3.5,2380,83442,600784.0235966725
1,1.0,4703,23303,744532.1484162975
1,4.0,1304,76802,254925.7941398698
8,3.5,1941,63448,548312.7301599248
8,2.5,4062,79513,798241.2782731262
6,4.0,4190,16068,855692.0976431742
2,2.0,1759,41227,349880.0036453571
6,1.0,5226,22740,1155731.4222429562
7,2.5,4322,98333,905280.88263512
6,2.0,4038,74745,753040.5938256398
8,1.0,4160,17791,683875.9945585933
1,1.5,3682,10485,677336.1029826114
3,3.0,2315,55048,466172.5361816675
6,4.5,2843,40695,675840.6382262834
3,1.0,2360,47441,374247.2396817899
3,2.5,4607,10337,821236.1303860069
2,2.5,2396,25092,381461.8712112497
3,3.0,3275,66052,639256.0721375205
1,4.0,3836,11471,819004.028055531
4,4.5,643,61194,193615.11343284915
4,3.5,1088,54388,303182.2395384785
5,1.0,4876,82025,1136531.6466231518
7,4.0,3748,68045,875916.0628509184
6,2.0,5323,83392,1031629.8322958063
7,3.5,1556,71088,325851.00619035197
1,4.5,2714,84901,614183.9608960468
3,4.0,1715,15664,422350.37724827905
4,3.5,2381,98859,452200.5589158907
7,5.0,3426,15379,681442.0648902794
1,5.0,1250,77660,305491.00675530126
4,1.0,2476,41536,573582.6572967068
3,1.0,5963,14991,988245.1836515124
7,1.0,940,82330,233983.49982203054
4,4.5,3550,38359,768320.3866740521
6,4.0,3975,59302,705839.4774678365
8,2.0,3045,28043,631985.6970282663
6,1.5,3350,98059,715471.4990711925
5,2.5,2744,19070,495469.90872056887
5,2.0,1954,82735,372580.85733844136
4,4.0,3876,94239,711924.3349039248
8,4.5,1048,94803,332027.79339101975
1,3.5,4772,24133,785836.1018216696
6,2.0,5591,66955,1023888.8175830465
1,3.5,5244,38571,1108780.112258574
8,1.5,1397,36991,285791.4995457518
1,4.0,4096,87115,706082.5537393941
8,4.0,5510,59741,1125673.0531189286
4,2.5,2782,94539,586418.2859183009
1,4.5,3926,31871,678979.422963362
6,2.5,1245,16223,303421.37000426
3,4.0,1319,24197,350230.2076474003
5,2.5,2122,84923,508265.97202088253
3,3.0,1669,90375,310110.38971574703
1,4.0,5343,73196,993223.8062138403
3,2.0,5487,89432,863166.5081115717
6,3.0,5274,51525,1200000.0
6,2.0,3675,26198,818843.4589853042
1,3.0,4407,44524,634622.1661647974
4,2.0,3961,94293,825887.4771266581
3,4.0,2756,28515,565822.1709504789
4,1.0,5155,32027,787610.248817419
4,5.0,2913,23792,691619.3076090555
8,5.0,5857,91313,1200000.0
2,3.0,4105,95330,740062.0415119628
1,5.0,4739,42544,876008.4828281453
5,3.5,5678,94287,1065542.581198072
6,3.0,1232,95263,327152.4032492715
6,2.0,2799,33665,623574.0406194176
1,4.5,3663,41126,806675.8235531646
8,2.5,5953,29481,1200000.0
7,2.0,3510,33549,774786.4680445848
7,3.5,1222,78872,308019.4806955538
7,4.5,960,83693,279001.72237814846
8,5.0,2967,62236,623877.3586742878
5,3.5,809,73983,253056.7952649735
6,3.0,4067,46155,844112.769301907
1,1.5,1530,47481,222652.4066896372
8,1.5,5184,77967,1045903.0187273154
6,5.0,4543,92561,899300.7987285384
4,1.5,5296,30446,1059423.1460715733
3,1.5,5469,18507,1200000.0
3,2.0,1477,43208,315149.69245596195
8,2.0,5395,27522,1094646.1231223275
6,2.5,3099,57402,703009.7219316079
2,4.0,3123,35490,746252.7602669417
5,5.0,4951,48011,862843.9564887203
7,1.5,5869,45071,1200000.0
5,2.5,991,57754,253870.200443993
5,5.0,4502,55102,803646.7695906606
8,1.5,5688,24040,1200000.0
4,1.0,2921,17046,632888.450053631
5,4.5,5540,49374,1200000.0
3,5.0,4581,46189,1077311.8342170303
4,4.0,738,93998,265974.4896229009
1,4.5,702,96070,237881.07131329988
5,2.5,5961,44968,941769.9694097115
5,2.5,5836,30935,1200000.0
1,1.5,5933,65581,1150098.655901758
5,4.5,1083,19009,347240.0295395777
1,1.5,4919,56989,1030911.8228045186
4,5.0,5989,56876,1009423.057443964
3,2.5,4673,77482,698303.4840848082
1,1.0,2448,46724,476749.40442318545
2,2.5,2484,61377,483885.34497356805
8,2.0,3805,78861,783319.7217937671
8,3.5,2761,18699,698867.3584388765
1,4.0,2064,13745,494120.9788612395
8,4.5,1243,54837,300523.86730071704
5,1.5,4036,40794,955541.8547273218
7,3.5,5951,31198,1051128.2681556896
7,3.5,5153,67803,990663.4483244556
8,3.0,1210,23489,350575.3300532023
4,4.0,4902,60557,1034501.3127496412
6,2.0,2143,71439,486625.638053798
4,2.5,4139,32474,882517.1697918336
6,5.0,2066,66439,539104.1206939868
7,2.5,1516,93956,368172.9484435804
7,2.0,1781,65186,347327.07159555895
1,1.5,2746,78213,564575.3415289975
3,3.0,2872,65296,672122.5401445394
2,2.5,1451,44512,295953.0317277056
4,4.5,5136,86711,871257.731761897
5,4.0,1319,11177,313998.1888043142
6,3.5,5280,10761,1106112.3867689064
8,1.5,2614,16458,431377.9495814386
5,2.0,4072,69698,853863.6545087076
3,5.0,4242,64775,788468.5372216533
6,5.0,4470,63866,921506.1853462182
4,3.0,663,30110,202102.95191785786
1,2.0,5463,93853,1026834.3855380875
5,1.5,1159,71446,229345.54962156736
3,4.5,2333,38433,535483.4270108634
4,3.5,1269,82715,293079.3605761601
7,4.0,4494,24849,929449.415984948
7,1.0,2142,79980,448443.3552839129
4,1.0,1871,78500,327262.3837499163
4,1.5,3015,51990,469196.9594686623
4,2.0,3391,69891,683201.9344791835
6,1.0,5313,69866,1058380.2058154433
4,3.0,5817,88347,1032371.4273923632
5,2.0,5987,85603,1101410.3087803677
3,1.0,5779,49992,1048297.7850361593
6,4.5,3654,75097,831813.6062909436
4,3.5,3058,86008,584195.4795520741
2,5.0,3665,90662,723608.0918782643
8,2.0,1763,13101,526001.7701025283
2,5.0,5159,36990,1153332.159196618
3,5.0,3349,79214,662178.9548377311
7,1.0,2548,44611,435847.37819500925
1,2.0,659,71495,136230.35126565324
1,3.5,3702,61090,824821.8295719841
8,4.5,932,25958,321956.3187765917
7,2.5,4771,99786,843887.1833927191
6,3.0,789,82619,283098.58460217284
6,5.0,4160,75256,908314.6834444269
6,3.5,895,97292,269540.72494648723
1,4.0,3148,77002,811497.2183539099
2,4.0,776,59887,227265.25259933752
1,2.5,1399,10339,258198.9734548939
5,2.5,1405,60528,307906.5203855737
4,2.5,2342,96639,529996.8597684205
6,3.0,814,92624,283261.64165580523
2,3.0,2479,79260,536193.9836312651
3,4.5,3300,63570,669602.4394422043
8,5.0,1196,31643,408158.48231073853
3,1.5,2317,70252,471843.62868834526
4,4.0,1955,20334,433042.86455470993
2,1.0,4823,72977,920406.8722653837
1,1.0,1892,10789,441919.0801118443
1,2.5,3198,43941,617921.1729565997
5,4.0,4037,10552,831521.7947296816
5,1.5,5314,29806,968161.3802529353
1,1.5,741,46979,142690.8445745642
3,1.0,3816,18823,636045.7922354904
8,1.5,3439,41980,700569.8953766125
6,4.0,4940,10860,1136876.6937708717
3,5.0,4113,10290,693249.7435082197
8,3.5,3350,52417,559151.8377714053
5,1.5,2314,89880,410161.20552050794
4,5.0,1735,15870,370170.9927241668
8,4.0,4321,43397,802054.918735307
1,1.0,2509,26186,390132.9549901069
5,5.0,2847,31016,666881.6025974286
5,1.5,5116,79616,934005.7199401773
6,2.5,4702,88508,822039.1262659427
1,5.0,2148,77296,382283.0585351901
6,2.5,3239,21274,528999.0901291436
1,2.0,5366,33304,1200000.0
6,1.0,5111,87702,869336.4423246795
8,4.0,3431,78934,663820.7097835141
3,3.5,1606,57698,326180.607787623
4,2.5,3821,86051,688248.0073203716
4,3.5,3662,24705,764000.0613402998
1,3.5,5123,46329,971634.6105728752
2,2.5,3652,69736,838909.326148883
7,3.5,5029,62996,1200000.0
5,4.5,2919,20607,728277.6005705092
5,2.0,4139,62956,799216.6238234286
1,2.5,2966,40006,509844.6945541361
8,1.0,1126,88554,324980.90233725664
6,2.5,3407,85352,721991.8488676777
2,5.0,1795,30494,323632.656984813
3,4.5,2353,31237,575916.6216000192
6,2.5,2272,82367,425216.68828661577
6,4.0,2628,50963,662230.9241855969
1,2.0,2254,40541,469109.2025621244
1,5.0,5149,13447,805309.5214738104
8,2.5,5441,81120,1143441.253853911
5,1.5,4641,37156,824253.8248683733
1,3.0,5624,46559,793219.564354972
1,1.5,1447,31465,304757.09807489085
1,3.5,1467,52120,318764.58767333935
8,1.0,1373,92753,307581.33946055884
5,3.5,1142,20190,267087.6792513509
3,2.5,5017,73394,923722.7315520372
3,2.0,1385,15335,293936.57602897263
7,1.5,3905,64639,894471.3569050718
7,4.0,5235,81796,992712.9742120882
1,5.0,3483,35778,582849.8980004571
7,2.0,1048,91141,267239.989538098
5,3.5,3910,28559,812027.1566377176
8,5.0,5185,52341,1028024.4503651755
3,1.5,2505,30557,546245.937273282
6,4.0,5159,53781,1149768.3714126165
3,3.0,5009,82257,921347.7274160016
3,3.0,3851,30575,624448.9131731752
5,4.0,984,82848,299344.3801904602
7,5.0,894,14616,292637.0454987178
6,2.5,1838,74908,365292.29403857875
5,5.0,5457,43763,1137419.2987080885
1,5.0,3416,43124,740757.6350406936
8,2.5,1698,77229,394914.0652732913
4,2.0,2337,12590,591947.6210987935
3,1.5,2789,40870,483792.7161158222
4,5.0,3365,19534,593559.4402812317
8,1.5,1822,17921,424583.30817814136
8,3.5,3842,11691,762986.4006981407
5,3.0,4499,52042,759467.6168207702
5,3.0,4923,61209,931246.662671485
5,2.5,1010,78440,254756.56397498187
4,3.5,3599,63603,697002.6361291972
5,3.0,3545,54377,734544.7729372081
8,2.5,5386,49705,1001804.0782112072
1,5.0,1477,28764,302347.21610020706
5,3.5,1386,83744,363805.78304424294
2,2.0,2709,25783,505526.0897500975
7,3.5,2586,18515,668384.6451400748
4,1.0,1478,12070,266976.7670539945
2,3.0,2207,92850,487708.4164958476
5,3.5,3003,23771,598776.0833661885
8,4.5,670,74206,265330.90125396167
1,5.0,2910,93364,534304.7221147598
3,2.0,5001,30936,945423.5530752776
6,1.5,3895,27905,659910.4469461715
7,2.5,1361,13098,402624.9250840386
6,4.5,5283,37020,944779.7336983593
5,4.5,2721,67272,605939.9034376693
7,2.0,4182,61339,800136.6283216664
7,2.5,4797,94488,995999.0098772498
1,2.0,2229,20985,426444.87774330063
7,1.5,4888,18283,850666.53994365
4,2.5,1685,56323,399541.979097009
2,3.5,3057,47708,521426.6842061635
2,3.0,4995,80298,1002625.1638539692
2,2.0,3866,15054,624860.3396415318
4,1.5,1053,88812,206034.9399441463
6,5.0,3221,81317,864906.4741409463
1,1.0,1218,73304,240184.12884345147
7,5.0,1236,26471,274093.79933291883
4,1.0,2948,93561,454565.04746546224
2,4.0,5474,80949,914814.7789207016
5,3.5,3636,82956,827282.8549819025
3,4.0,2849,49678,568302.0907897198
7,2.0,3321,64325,649839.1200503713
4,2.0,2949,36527,544350.5333172601
8,1.0,5032,53250,1171779.0345059666
4,2.5,2594,22029,476361.157937037
1,1.5,3420,51583,562653.588804662
1,4.5,1671,79368,330655.5028900297
4,2.0,2631,78147,531616.4339342767
2,4.0,5969,18353,1054700.2348904624
3,4.0,1849,69336,382992.3273642135
7,5.0,1895,53042,519585.86859069543
1,3.5,4156,50996,815517.1018462814
7,1.0,927,86604,205328.4785306714
2,4.5,1396,65918,334944.62165539677
7,1.0,5899,78882,999443.699662858
5,2.0,3461,46822,760551.4106727275
1,3.0,5360,58760,1166706.8876504987
2,4.5,3393,14200,844688.4185560541
2,5.0,3694,57259,701840.9380561272
3,4.0,3577,18527,835537.2746094922
3,5.0,1562,20535,391091.28868254623
5,2.0,1868,27944,511488.0251726844
2,3.0,5879,50290,1093653.98996393
6,4.5,972,79700,241977.71902669314
2,1.0,4980,22438,1072988.17300782
3,4.5,3168,74344,627978.2778177293
6,4.0,5502,98640,1051584.4305786924
1,1.0,5342,68005,844940.6890604142
1,3.5,4293,80388,787746.6482366577
7,1.0,2204,82249,410031.9989413786
4,1.5,695,71083,215974.6478908269
3,3.0,4969,78719,931013.519787309
4,1.5,4541,41354,1001231.8459379794
6,1.0,1800,83568,338263.1074626055
3,3.5,4544,89811,857285.7724644978
5,4.5,5479,28793,989014.9500479731
2,4.5,5996,47066,1200000.0
5,4.5,731,94454,203508.64657527453
6,3.5,3715,81135,740068.2113922251
3,2.0,1990,42771,399051.7398438639
8,1.0,1749,23440,339476.6408366112
6,1.5,4110,21289,869006.2671521651
8,3.0,4247,59178,754374.5636651261
2,3.0,1407,80697,308773.3434464128
1,1.0,5439,76500,1051794.7145187184
1,1.0,650,91478,162554.8453964207
6,5.0,3808,59223,855262.198580017
4,1.5,5877,48369,1200000.0
3,4.0,655,24184,207965.1463997306
3,2.5,4264,78483,751086.232625486
1,4.0,1343,81774,367817.70179974346
7,4.5,5138,23156,950130.4638429086
5,3.0,3476,12411,572175.5891804317
7,1.0,679,25674,186329.08826533242
2,2.5,5072,18308,850322.3325830898
5,2.0,4540,78460,827794.442609088
5,3.0,3566,10576,680659.1559663753
6,3.5,4328,24641,861789.5082812085
1,1.5,5136,84499,1062521.2808677836
7,4.0,725,99827,282092.7905110227
7,2.0,818,60907,297505.7341345267
1,1.0,1547,51139,299012.3348070455
7,2.0,4973,94325,1168094.2147556168
8,5.0,1194,49651,297581.5709092628
1,3.5,5630,67315,911682.3850699761
6,3.5,740,25658,249783.7020635978
4,2.5,3493,48907,689864.3786118126
5,4.5,3655,89720,752536.7395203273
6,3.0,2230,73917,486709.45121961273
3,4.0,1476,41747,359043.35925195186
2,5.0,4805,88501,858068.5096254804
4,3.0,5771,86029,1200000.0
3,3.0,3260,62140,587278.2513634533
5,2.5,3990,64936,649709.2704919543
7,3.5,5918,36178,1160079.530905561
1,1.5,5491,77750,1018477.6561634224
5,2.0,2629,18000,462759.3158336375
6,1.0,5424,18065,865480.0754762244
2,1.5,3152,72404,605106.5866103498
6,1.5,4211,11085,787622.6021693323
4,4.5,1640,59325,473239.7809648023
4,4.5,914,79068,333660.51758036675
2,1.5,4059,72063,975096.3998509755
8,3.5,4772,27622,1028207.2646278179
3,3.0,3625,73902,757855.6795822472
3,2.0,3546,14834,695569.9342566086
4,3.0,3836,95733,713440.6952829645
4,3.0,4280,22008,939772.1427903393
7,3.0,5407,88498,1146829.451948621
1,2.0,3706,57229,537756.320302759
7,2.0,2137,18012,362052.06214321405
7,2.5,4472,61125,821567.3521385994
8,4.0,2467,95702,623645.1217639924
3,1.5,5549,94164,1076143.9445887492
8,2.5,1761,19849,437222.54870748986
8,2.5,4520,51372,861948.1431927488
2,1.0,4482,23767,926443.5824295022
3,4.5,3356,90647,660597.9086287487
1,1.0,2512,49989,510946.73858901014
6,4.5,864,50582,333416.5302682857
4,4.0,5028,54370,909500.7369219502
4,5.0,5782,55052,928919.4950976027
1,4.5,5515,55289,976686.1946570049
8,3.0,1902,31565,438814.2811387733
7,4.5,1794,63164,475372.8110511524
2,2.0,2126,78125,358800.98916795145
8,4.0,4204,60281,886131.8559552773
4,2.5,4994,67988,1047117.9357904564
5,3.0,2848,85285,712167.4990147713
7,5.0,1758,98219,513760.4937380246
4,4.0,4967,80037,796576.3925550672
5,2.5,5230,33423,1035454.3078936614
8,3.5,4113,94693,900784.4767117476
1,4.0,2678,94705,496403.993309615
1,5.0,1744,98860,379897.90863180324
7,2.5,668,11706,211428.32398669256
4,2.0,4317,61753,760245.3631828444
3,4.5,3608,51334,718397.9499437326
5,1.0,1426,77148,379097.6336940788
2,5.0,1769,92374,463267.0202770846
4,1.0,1583,60627,343761.7895886125
2,1.5,5176,25546,971045.3310901736
4,4.5,4577,58735,868950.5539379428
3,5.0,3934,84581,935940.7629413054
3,4.0,2940,35299,606307.6059972062
7,2.0,2615,76927,674158.7969808677
7,4.0,2052,53347,582498.0692208433
3,3.5,2733,51221,616785.6018569671
6,1.5,1639,50776,383421.25383691647
3,2.0,5323,25948,842010.3526106416
1,3.0,4813,35118,803505.4605163628
1,2.5,4066,89693,710629.4966921005
6,1.5,3626,27021,668257.3469281609
8,2.5,4857,83892,1038446.2847860435
5,4.5,3347,67964,763418.344592447
8,3.0,4862,58215,990684.1093989619
2,3.0,4995,11223,928106.735001446
8,2.0,4095,46110,765074.9317760925
4,4.5,4455,31526,809333.352281045
8,3.5,1161,84392,341430.0947247966
4,1.5,2803,48829,500521.22384779307
6,1.5,4019,89068,792048.0391077171
1,5.0,1744,61862,424329.5931640733
7,4.0,3299,96281,644839.4866105203
4,5.0,2151,30336,596472.2770892408
1,3.5,4621,40796,871490.5443958202
5,3.0,1160,37167,278471.85860158235
2,1.0,1787,76416,318307.59603237413
5,3.5,3733,26818,756262.8751048325
6,3.5,4011,48892,923598.124918812
8,2.0,2289,34488,538693.5702635363
8,2.0,5007,47952,918642.7501121294
3,2.0,3023,93904,640877.290835647
3,2.0,1969,23223,389946.3202196162
3,4.0,1180,71457,237375.6520009942
5,1.5,1576,40261,334420.52114998957
4,1.5,4872,69966,934911.7302522991
2,2.0,5209,85520,1195700.6575326745
3,4.0,2956,78334,594837.3567306673
6,2.0,718,17603,221261.33214791233
6,4.0,2142,87240,472493.78609622363
3,5.0,5462,44261,1200000.0
8,2.5,3643,25707,900765.3283353099
3,4.0,1572,28009,332347.92563936365
2,5.0,1515,69763,319608.8587131993
3,4.5,2037,62169,460761.31485347403
2,4.5,1186,28231,373389.9009251459
6,5.0,950,13246,232078.17669217015
3,3.0,5191,68882,816180.0890238592
5,3.0,3162,39825,533292.4674291797
7,2.0,2470,25925,496445.1280028489
5,3.0,872,11316,217100.67928313924
6,4.5,3527,69063,777268.2130204772
2,3.0,4958,93870,1080414.1340799683
5,2.5,4039,12026,730942.3552276078
2,4.5,3641,77083,799116.038417726
5,4.0,4548,25289,909524.269146715
5,3.5,2364,58886,456544.002742071
2,3.0,4890,75020,746970.9986357332
4,3.0,5767,49279,1155917.2736579736
5,1.5,2370,97705,573092.8207155766
3,2.5,5840,95643,946812.8845763365
7,4.5,2122,37279,449416.9814185809
6,4.5,1431,28356,362594.6484802153
4,1.0,1161,72535,273688.0983395181
2,1.5,4140,75200,807360.9577102555
4,3.0,4736,40043,859065.2664572679
1,5.0,2079,22795,494099.91074182483
1,4.0,5066,92536,1127134.8528085204
5,3.0,1805,96435,408503.57312504057
5,1.0,1256,97111,308132.1917403891
3,3.5,4540,71513,836848.6817631718
7,4.5,1189,32158,428952.1878360836
6,4.0,4926,58630,1051100.324698893
4,1.5,5504,29005,870729.4222600495
1,3.0,1971,94013,450002.3897075637
5,2.5,5174,95096,921652.9142564698
8,5.0,5928,50252,1200000.0
8,1.0,4351,55176,1000753.5669549024
6,3.5,4359,95490,742576.4214110998
4,2.0,2700,94066,542947.6435565915
5,5.0,2484,10705,652041.4544838147
5,3.0,5729,61510,1001388.8024718341
1,3.5,1347,56293,376224.79499467806
1,5.0,1063,54420,348046.2278398096
5,5.0,1353,30152,415274.06856600003
2,4.5,1182,69278,263961.4075334759
5,5.0,2805,65130,624855.6427712765
6,2.5,4714,77855,1002870.1592836131
5,3.5,4750,70216,1098110.778400127
3,3.0,4627,83699,800432.7494769507
7,3.0,5416,97141,1121306.2601881728
3,2.5,3953,10209,956360.813835083
3,1.5,3408,14834,613055.322713415
2,3.5,4203,41512,770578.5197188685
2,5.0,4513,72485,787811.285469988
8,1.0,2019,61959,463692.1789545315
5,4.0,2767,87982,515388.3952513713
3,3.5,2744,79498,662495.1328146426
2,2.0,2767,23028,560499.3029785366
1,1.0,2160,61542,369282.1550792639
5,2.5,1776,31903,458798.3256747774
6,5.0,1868,21717,414528.64331353403
7,1.5,4187,40545,740119.7773606946
4,2.0,1766,45212,382557.9788184549
5,1.5,4175,51100,651498.1176147052
4,1.5,3441,67635,725357.0755523558
3,4.5,2470,62016,461635.2061579396
7,2.0,4529,45375,897799.8331973539
4,4.0,2867,30320,608911.6866893033
3,4.5,3486,29301,728708.3530125184
1,2.0,759,61370,134851.46952090834
4,1.5,3258,93717,507967.5639003613
7,4.5,4363,19168,769822.7463416004
8,2.0,5334,78109,811297.0592252741
5,4.0,1655,28973,461298.12375285354
3,1.0,933,46051,221493.9709656111
5,3.5,4196,52759,873663.590240319
7,5.0,1491,96337,439870.0833840495
2,2.0,3587,94343,615040.678805161
3,4.0,5047,77426,881672.432283208
4,3.5,1962,29951,350250.0171308978
3,4.5,1525,80911,329270.69351406966
5,2.0,3043,41305,652351.2381727425
1,2.0,3177,91115,572598.8881721068
3,2.5,4580,85406,727577.8183166708
4,2.0,3005,94067,679912.6205787995
2,5.0,2019,19109,422069.5094105718
8,2.5,3475,36842,773588.6997866032
6,3.5,659,20716,231160.80960994685
1,4.5,3124,93726,692320.4463385597
8,4.5,4397,58585,903883.7709067921
2,3.0,3259,56408,738297.8215351732
3,3.0,4696,46530,938540.6980996536
5,3.5,2178,75385,472926.9463862291
7,4.0,5006,69730,1047767.3025112818
5,4.0,3705,85623,781683.8833695601
8,2.5,1307,87658,328807.09026330465
4,3.5,5877,40898,1200000.0
5,4.0,2380,73908,501838.3352350544
1,3.0,3013,91377,536742.4722865033
5,3.0,5553,67392,1056054.9281134966
4,1.5,4006,85578,807070.0978217857
6,4.0,2761,36505,555609.0529594037
3,3.5,5614,98830,1198562.6146806185
7,1.0,4139,16173,863627.1083885175
8,2.5,1208,94052,334989.0334833147
3,2.0,908,16932,226541.3821532999
5,2.0,4907,93445,1071145.3857122415
2,4.0,2964,40241,657038.461093989
3,2.5,784,26712,235582.15914113235
6,4.5,5924,78193,1066729.3320174061
5,5.0,5935,39105,979437.269254212
7,2.0,845,40382,243427.031355433
4,3.0,838,97892,238762.28235190565
6,2.5,1119,64520,350879.48485618626
5,3.5,4507,29589,903421.4464323131
6,2.5,876,49601,251632.67676021697
3,4.5,4628,99452,918990.2447204774
7,2.0,5701,50675,968992.7187429416
4,3.0,4909,44366,957731.6827794815
5,1.0,1205,13851,219848.06085590163
1,3.5,5173,17582,1164790.9861926078
8,3.0,5203,50591,831114.3944900815
4,4.5,5794,80143,1075013.3168164587
1,5.0,4653,15507,805694.1607065632
6,4.5,3312,15934,780740.0998925221
2,4.5,741,51971,197223.40907290633
4,2.0,4261,97488,792169.1410798219
6,2.5,2969,14659,549166.5170476043
1,2.5,2317,14398,448735.00985165953
3,3.0,5156,16242,1019418.6681636897
3,5.0,5365,38620,916860.5696026061
2,5.0,4027,20796,806206.2938371977
8,1.0,2924,57145,687386.2443551968
4,4.5,2444,57543,569197.2586267132
4,1.0,999,73814,228493.64585671743
4,1.5,5363,61175,1032914.1520741653
8,4.0,3163,47275,628376.4816470991
6,4.5,2122,23937,643106.3011613163
7,1.0,1934,29569,380548.45905020734
7,2.0,5990,71947,943923.6374571045
2,4.0,3223,22343,556121.3357618356
4,5.0,838,66875,238113.91925668306
6,4.5,3815,56803,761467.023214012
3,4.5,5739,74863,1101078.5729785997
1,5.0,4247,74840,872103.6040216197
6,2.0,2216,69937,474622.27498641604
8,4.5,3029,87069,620487.8705819662
7,1.0,4252,59347,651232.8853338407
7,4.5,2321,41132,587699.4274947378
3,4.0,1872,41356,421608.4505620688
3,4.5,3739,25438,819787.1585332179
8,1.0,5740,36366,1089500.0026584184
1,3.5,3478,89504,545920.6058615114
3,4.0,2135,27490,408954.96112893
2,3.0,1135,29173,247333.47851616843
1,3.0,1548,20376,368961.82637539017
3,4.0,5558,96704,1097408.2335472032
5,2.0,3242,76254,574805.8550923794
6,3.5,4541,46763,804236.041092652
3,4.0,1621,75841,373216.81189204036
2,1.0,1033,97350,225424.1898499556
4,1.5,2003,51347,421762.1596194142
3,2.5,4111,51684,633208.4450699175
7,4.5,3535,40711,639304.5433705617
7,3.5,5478,24177,909414.3022509622
7,1.0,5683,55970,1089863.6433989555
4,3.0,4864,34570,893879.4311385956
7,4.0,5404,45364,941870.4812228483
5,3.5,5660,57609,1178925.4442624864
3,5.0,3933,28819,868763.5681354171
8,4.5,2202,67522,573679.3679176671
7,2.5,828,41391,240607.4071920422
1,3.0,5880,25788,1144403.5048490441
8,4.0,5122,61055,1072859.8921378492
4,4.5,4817,85432,979929.7220611244
5,3.0,2796,96095,700835.0336229788
1,5.0,3499,33565,703392.8384540174
1,2.5,710,96462,161861.96277387586
1,2.5,1844,72205,343762.94086180103
1,4.5,4759,23376,891069.0981247567
8,1.0,3285,31875,654882.8486442438
8,4.5,4401,57606,863264.8669997355
3,3.0,4467,88393,921246.6978063834
7,1.0,1977,72996,355200.374218997
6,2.5,5604,11283,1197788.501857554
3,1.5,2371,90456,460715.3317380428
3,2.5,612,75783,203162.0396510646
5,4.5,5872,82178,1000920.603026733
5,3.0,4934,73533,903286.9500060882
7,1.0,3861,27365,820053.8597009679
6,4.0,1262,27949,439112.78934097424
5,1.0,5805,43503,959319.7526405228
7,5.0,3692,86387,854387.8969817768
7,2.0,1293,89942,313371.7069783327
8,2.0,3990,24928,827806.3511762645
2,3.5,1781,26832,370706.4218838066
8,3.5,3618,17534,865289.6410404436
6,3.5,2104,11835,473997.3727508079
5,1.0,2502,80251,508887.671758982
6,3.0,4771,43381,1075140.6243916014
3,3.5,928,98154,224905.22645070803
3,4.5,2039,64780,502794.0195327082
6,1.0,5948,76412,1121028.007622524
2,3.0,4446,19325,706101.7677338388
2,2.0,4767,39446,954362.7809290726
8,1.5,824,77166,226129.6380258244
6,4.5,3120,70662,717138.1083436104
5,4.0,4314,90249,910827.782552899
8,4.0,3007,66525,556432.810402255
4,3.0,1410,20584,341198.28112169774
2,5.0,3717,13901,802682.7670564296
1,3.0,5373,66203,1049265.215269998
8,1.5,3890,91986,865899.6376407837
3,2.0,4986,97597,849188.2898329445
8,2.5,2851,90850,555391.9328512078
6,3.0,5921,12090,1200000.0
1,2.0,5261,36852,989621.1181085844
6,4.0,3129,32454,704855.9764233324
7,3.0,5206,65084,1106261.4000918109
3,3.0,1523,87243,382855.6125638194
3,3.5,3652,68566,801189.7829035757
2,4.0,615,69888,157455.23376995593
8,4.5,4196,43823,894849.769702843
2,5.0,3003,42007,570541.6881723303
1,2.5,5051,24141,866239.4547820379
8,3.0,5525,22746,921819.1968236759
7,3.0,4610,13347,1104386.8000777734
6,4.5,3246,19361,737397.4335684092
7,5.0,1701,14101,372841.81434879056
3,4.0,3575,58095,868165.9160653492
1,3.0,1690,51453,367511.9686439724
4,2.0,3506,42668,614223.947369793
1,1.0,2346,27747,458780.0839416646
5,5.0,4909,25009,991764.7047877336
1,3.0,2320,99187,438071.13504918315
7,5.0,1048,11056,367443.8665331658
5,2.5,3612,42910,765779.0662945916
5,3.0,4104,87043,789056.9493852563
8,2.5,2168,31215,586248.9353409451
8,1.5,3786,66951,865569.8844337811
5,1.0,4091,40375,693679.3159508749
4,4.5,3146,20076,535559.3748094576
8,2.5,5405,45249,863262.2095567071
1,3.0,5075,85618,853222.9936478911
7,3.5,1647,50664,435309.66180830635
1,4.5,5234,95045,919893.0412941076
4,4.5,5448,68285,1115243.0951171378
3,4.0,5230,68959,1097338.4608123936
2,2.5,5368,82586,1033275.831389635
7,3.5,1664,48779,375103.07597441005
8,2.5,4421,69312,968197.6206061052
7,4.0,1167,58098,385372.0908968177
1,1.0,2036,21414,331451.0203788858
2,3.0,5110,46918,1037402.0588020342
6,2.5,5144,25876,1154386.5986522685
6,4.0,5305,82540,1200000.0
8,5.0,3305,19198,812779.828643154
4,3.0,3083,47429,696181.2916910363
6,2.5,5400,77333,894974.3214338113
7,5.0,5761,88701,1200000.0
6,3.0,5429,94791,1198622.3864786332
3,5.0,4379,80148,1045049.8892786908
3,4.5,5495,62909,1111791.5087268793
8,2.5,3394,61184,797799.0148788828
3,4.0,2460,70554,385216.76322307636
6,3.0,3936,41528,701728.1867023609
4,2.5,2490,20283,493431.1165629161
5,3.0,5426,14953,1082168.4091672057
5,3.0,4891,96234,880023.9112329402
8,5.0,1697,63815,450466.0842484675
2,5.0,2238,69121,475356.47166469245
5,3.5,2258,49819,439012.72994628554
5,2.5,1725,32016,366112.69963674876
3,1.5,863,23248,180386.93993924497
3,2.0,3592,27276,638992.3356068932
6,1.5,5615,27355,857380.0195749465
8,3.0,760,92022,282173.1711477252
2,3.5,1856,90675,381824.73732773034
8,3.0,5465,58276,1173914.5350761043
1,1.5,910,68451,208990.18028974687
7,3.0,826,31529,218253.10974090104
2,5.0,872,46014,242205.71369779992
2,2.5,5012,30096,1142601.7896801725
4,1.5,2522,56733,402075.49226284045
8,2.0,3757,13417,721728.5278466094
6,2.0,2938,81981,500034.1771828764
4,5.0,2201,80953,599033.5338635794
2,2.5,4318,25494,705611.6340787926
2,1.0,3022,23302,662809.900699771
2,1.0,2525,65669,484085.25468646345
5,4.0,1166,46427,305954.83756406483
8,4.0,3515,72270,695847.6780289953
7,1.5,851,68263,253431.2214796663
7,5.0,2954,50274,506129.3644901115
4,5.0,4101,38803,618876.4089617352
2,3.0,5370,39164,1200000.0
7,2.0,2911,48441,508294.01935772056
3,2.0,2715,73327,509185.9572987412
8,2.0,2202,86925,413706.21182958124
7,3.5,3870,61035,647168.1187524779
6,2.5,1113,23490,271573.67299621337
8,4.5,1041,16044,262214.41546733223
6,3.0,600,51769,221862.30651765654
7,1.0,5834,37509,1200000.0
3,5.0,1502,37844,410174.77453122387
6,1.0,1820,72212,411979.36401422427
5,3.5,2921,31604,700755.6735610956
7,1.0,1455,37560,269494.9329132087
5,2.0,1617,76108,324508.0021569005
7,3.0,5879,11206,1122549.5969405652
1,4.0,2820,88632,623891.176329323
1,4.5,5280,39550,805763.2808937819
1,5.0,4104,62232,791097.1519285789
6,3.5,5150,45228,974734.2615466962
5,5.0,795,95925,261011.20694159783
5,4.5,5294,47693,932461.6391979334
5,5.0,1932,94533,508100.34811922576
3,2.5,5251,97165,875131.8333920976
5,5.0,2117,44337,572545.9529029512
3,4.0,5134,27060,1014551.1958624581
1,3.0,3297,52793,707305.2467114213
1,3.0,5054,90141,1052341.844478847
6,1.0,3707,45281,744547.8236208148
7,1.5,1657,51760,312602.69107002584
1,2.0,5807,84869,1088339.2767070357
7,4.5,3305,58993,793212.8507300313
7,3.5,2663,89459,520022.1454376561
8,3.0,3392,44799,660544.5544160355
6,1.0,1020,60660,275114.73114429833
2,5.0,5248,79865,976801.7077460346
2,2.0,3414,15322,770695.8055949662
4,2.0,3440,49875,543379.6092280381
8,1.5,5845,48438,850979.3410957871
6,2.5,1631,55149,402549.0598652143
4,1.5,2091,89369,535622.2667143473
4,5.0,5575,28134,1137200.101789999
8,4.0,2485,17575,629912.2855800006
2,4.5,5547,86899,1027114.0621684958
6,2.0,1109,98307,287405.66319159494
2,3.5,2459,45780,485653.71825174254
4,3.5,5661,29812,945667.9880812715
6,1.0,2458,54522,547539.6894688517
4,3.5,1513,98383,387249.4809730694
5,2.0,2665,80674,525115.8570616152
8,2.0,3566,34932,724372.1877899102
7,2.0,5754,97175,1200000.0
6,4.5,5489,58966,951891.2419024189
6,3.0,4437,55580,869570.3261896159
7,2.5,2196,66699,425683.39705800574
4,5.0,5042,50090,795092.569255119
5,5.0,1655,36199,457531.2459377832
3,1.0,5603,83487,1200000.0
7,1.5,1623,23837,375557.85916886915
8,4.5,3804,54159,676646.3326163626
2,3.0,1175,22688,289971.42642216233
4,4.0,798,19787,203312.6579777691
7,1.0,1965,44757,405224.7484262073
7,3.0,2598,78140,604347.7115266266
6,2.0,5950,70539,1200000.0
2,1.5,1616,10063,295978.1207496495
2,1.5,4218,87688,628233.9775818844
8,5.0,625,94732,266530.4893411784
2,2.5,2158,53781,383450.68722874275
7,2.5,4324,24959,794532.4146706646
3,4.0,4058,41280,754956.6162682282
1,1.5,3956,54258,640898.8916479961
4,2.0,2967,37467,530936.0229660915
1,2.0,1070,26056,230319.7895693483
7,3.5,3067,13135,721325.9195769564
1,2.0,5346,27564,1173138.4967287574
7,3.0,1485,73258,419750.50597198575
1,2.5,5625,74660,1025387.5613437202
2,2.0,1475,37462,288606.600319941
5,4.5,1541,66682,364762.7422244882
2,2.0,3641,12728,639295.8373039332
2,3.5,1171,17631,256016.92891606293
8,4.0,4749,20884,899817.8524407895
6,4.0,1204,34974,300983.39951363904
6,1.5,5020,46036,1140407.458732759
1,2.0,4129,94614,768297.2324529127
7,2.5,5580,20274,1109661.7337678021
8,4.0,4960,28851,1003862.1665688629
2,1.5,981,71816,180547.58241932813
8,2.0,1836,58526,461557.67579698
1,4.0,2980,63467,672874.530169446
6,4.0,4379,79495,764169.6341370312
5,2.0,2705,98760,698601.9312770326
4,1.0,2117,89430,477946.5765641822
1,2.0,2133,36965,445740.1642603959
8,3.0,3894,40558,737851.889423989
5,4.0,4040,69807,844972.9402928576
4,2.5,4089,62520,700569.9052981074
3,1.0,4545,53945,846037.4539334635
1,3.5,5242,91226,825018.339133359
1,1.5,1470,67024,260107.94295086872
3,2.0,2750,92667,605662.0718216734
3,2.5,3832,27705,745222.4625498886
1,3.5,5919,67079,1200000.0
3,3.5,3831,62900,760007.2708008367
2,4.0,4366,58710,857602.432260774
4,3.0,5560,97782,875465.7035887827
4,4.0,3807,55110,680480.5189793169
4,1.5,5093,14789,835914.3842462208
2,1.0,5087,10533,960126.0105962154
7,4.5,4426,60970,989440.9632556351
3,1.0,2212,38776,371601.9715612399
5,1.5,1677,58302,370458.74013531103
3,3.5,1900,28725,345124.89041238435
1,1.0,2758,74367,478546.6946859989
6,2.0,2871,82230,483747.8576650623
8,4.0,3129,80542,688190.7909565333
8,4.5,3860,52428,730816.0797832786
4,2.5,963,99898,242624.45509355815
3,2.0,1445,14485,283278.6102613662
5,1.0,3632,76771,712071.264967807
1,5.0,1927,53674,456632.5228006105
2,3.5,3762,99575,840866.2767695601
7,3.5,991,76681,290557.29557538516
2,5.0,3855,33804,898941.4018362188
5,1.0,5736,57244,1200000.0
1,3.5,2659,11475,460124.15110610984
4,3.0,3837,62073,760710.7784391221
3,3.5,2646,20047,715033.366100256
1,4.5,4841,87692,905402.4565957345
8,3.0,1905,97599,508920.6841226698
7,1.5,3494,58444,621458.9966198154
2,1.5,2632,66848,515712.69074123545
7,3.0,1364,31799,375718.8054512246
7,2.0,1098,96858,336862.320503613
5,2.0,3968,74856,882135.2112579294
5,4.5,5861,90468,1142116.6552806895
3,4.0,3544,54239,818810.0541632973
5,1.0,4404,67895,716201.377821204
5,3.0,4813,50943,898918.4683012151
1,5.0,5060,72559,1018814.025121102
8,2.5,735,34003,239350.71184389945
4,1.0,1700,32501,412979.3398742082
3,4.5,2471,41092,516773.84137772926
1,3.0,4633,90519,789412.6590880867
4,1.5,4713,39768,771545.6423889627
7,1.0,4612,44604,918959.1424016141
1,2.0,804,97824,164792.98938902174
6,5.0,5194,56760,1114950.672380469
1,1.0,2971,16476,497010.71832251095
5,2.5,5290,85498,902288.075589771
4,4.5,1161,38439,330666.68378372415
3,4.5,6000,13400,1200000.0
3,4.5,3914,99976,659773.5114486731
4,4.5,4560,34610,852374.3150867727
5,2.5,3126,61356,696916.9172506763
2,4.5,2811,39575,527287.762910193
1,5.0,2971,29728,672930.4881064366
5,4.0,5335,39067,1043840.6284749889
6,1.5,3281,99839,601632.3560915012
8,5.0,3406,55262,813570.4898372331
7,4.5,4369,11628,877696.2989045947
4,3.0,2855,85057,623952.2736457663
8,2.0,5010,35380,925310.1686673237
1,4.0,1500,69853,324541.35257379874
3,1.5,2350,38923,375091.55163869355
7,2.0,5499,44058,1142822.7162723988
8,5.0,3895,66162,896856.6071309777
2,2.5,3759,72394,833635.9295908433
8,2.5,2052,75078,460340.29893626564
6,2.0,1843,28970,387710.0950093408
3,3.0,2922,48891,608879.1517711879
4,2.0,2270,14930,380664.8280698505
1,5.0,2627,45318,476318.1660014407
4,2.0,2368,60107,515107.98462915665
7,1.5,5785,71953,1095398.1762648877
1,3.0,4263,59108,810535.7841956883
5,3.5,2902,42574,600583.174017663
2,1.0,1769,19857,284399.179611399
5,3.5,5310,33513,1074075.6634723055
5,2.0,3032,33593,540545.851931261
4,2.5,986,98219,218828.41619357702
7,3.5,3030,28884,544562.6561281233
2,4.5,3948,68986,939641.6938363386
8,5.0,2005,15307,420568.0624293808
1,3.5,723,22904,158767.20487731264
1,4.0,4597,93417,924250.4683890927
6,3.0,4052,70548,759326.1144268338
3,5.0,4496,23582,1040233.8443176798
6,2.5,2224,67965,538317.2496527673
8,3.5,1781,18025,381269.3811834805
6,3.0,1327,59444,348621.4118462055
1,1.0,4484,51614,717931.8675182317
4,3.0,4270,53944,928126.9510452731
5,3.0,1741,71187,373558.18932393496
7,5.0,2975,94724,732236.7347079065
5,1.0,4631,17604,871778.4501930841
5,3.0,958,37290,230051.93471597112
2,4.0,4342,81739,827844.197938681
1,3.5,3444,60773,618704.552154579
8,3.5,5138,17871,1126565.5791636028
8,4.0,2811,90198,530062.263660934
7,3.5,1572,86981,439011.13391285663
4,3.0,960,86574,227435.342307813
2,3.0,3232,13505,670226.3064023498
3,5.0,3790,51478,755181.5796428636
4,4.5,5548,94605,1085869.2313329251
6,2.5,2224,24418,496201.52887277916
4,2.5,4528,26411,1039445.3970311434
4,3.0,2356,19498,474103.1296588718
5,2.0,5719,66257,908507.1971442587
4,4.5,840,66058,203002.8459830485
8,4.0,5361,96995,1071704.9277580078
6,3.0,5861,32203,1200000.0
6,2.0,1575,96596,320052.07770929416
1,3.0,4918,95310,912780.4282644157
4,2.0,2913,56917,672114.4026978613
5,3.0,1905,30930,456043.9500522936
4,1.0,1387,89029,290508.2976334723
3,3.5,3028,23638,680196.0625918127
3,2.5,1155,15724,296484.29339428915
5,2.5,2709,75738,592144.7158021568
1,4.5,5542,12027,1150429.8158431672
1,1.5,5790,24807,949318.2534541495
6,2.5,3249,73109,749091.7311765818
6,1.5,2159,51849,526521.6550022273
2,1.0,4835,10178,668078.5859838617
5,2.0,1963,15817,462825.5391037768
4,4.5,4559,82721,952961.6806243772
7,3.5,1189,13984,368145.0069248956
5,4.0,2349,74096,521531.9242978148
2,1.5,1140,97585,225000.9163089008
6,3.5,3022,96941,664312.3511921907
5,4.5,890,85772,266395.99084889266
5,4.5,2690,97432,697263.5239471489
6,2.5,4535,24635,907997.2539108531
8,3.5,4558,84078,843156.4684875464
2,3.0,4459,41342,801735.8237721047
6,5.0,1855,64680,438207.3584936143
1,4.5,5931,17988,1146684.6148012269
4,1.5,607,42070,139420.09473749148
6,4.0,2257,88132,502710.3794143888
2,4.0,5178,33659,916743.1182114538
3,1.0,5028,85952,969309.0795418229
1,1.0,1856,29171,314875.04259572335
3,2.5,4550,63778,959614.9066463667
7,3.0,1639,65713,344882.2763819181
6,2.5,2716,32736,593225.0273846189
1,4.0,1284,80344,279096.86878049746
4,2.0,4618,67781,1013254.3890276647
6,4.0,5689,81273,946687.0038932756
4,4.5,2397,75499,576112.9293929442
8,3.5,2424,45126,520910.8123226264
5,3.5,4134,39652,793941.3782515362
3,4.5,662,15390,187903.1149291777
1,4.5,860,96136,258393.97838679844
4,4.0,4171,75942,743053.5013619465
2,3.5,3792,63492,699778.0700339335
4,3.5,5553,59217,1120482.212089949
2,3.5,5959,70333,937613.8773751971
6,4.5,2088,94104,549183.7501393496
1,1.0,1730,85969,326349.59404647094
4,3.0,4875,98720,1138078.849224221
7,2.0,954,68856,283112.2507223291
4,4.5,5629,58481,1200000.0
8,3.5,3374,84657,747030.8524196348
7,1.5,1188,38612,285205.0640790683
1,4.0,1204,97743,252615.21915204104
8,4.0,2828,20795,653638.5522280011
4,3.0,773,27564,227032.50254159552
2,4.5,953,58603,257238.65876376085
4,3.0,3890,51999,769883.5874117928
3,1.0,1033,76637,246071.30507342552
6,5.0,3552,10513,911136.2387959782
5,2.5,858,75015,193229.4683320261
2,1.5,1467,21324,277188.11611961183
3,2.5,3206,25491,767635.5028861238
7,5.0,4245,89229,1102437.231386702
6,1.5,1195,91459,336385.30092038086
1,2.5,993,44600,237892.28907431863
2,1.5,5031,74179,761763.233753016
5,3.0,2710,20872,514601.00336705294
6,2.0,4464,53058,1040867.2217810769
7,1.5,4739,82673,934825.7987118989
8,5.0,2800,21358,623478.3780294221
8,3.0,4597,81343,834867.4347515616
5,3.0,4453,36503,743624.0843052024
1,1.0,5549,90395,960391.7622858909
1,3.5,4354,71794,954979.5578846438
7,4.0,4970,62268,1004157.1454564669
2,1.0,4029,57905,647851.4252049432
7,5.0,5121,72668,950655.0293963526
4,4.5,5178,32234,937188.9086878177
1,4.5,813,86615,260194.6604074108
6,4.0,2726,66750,492359.8319453655
4,3.0,738,40975,185330.04190800592
8,2.0,5645,79879,1132381.0547283133
8,5.0,4793,80164,980059.4186792527
3,4.0,4560,98104,742991.9260326917
5,4.5,1263,38106,407766.69271324365
4,3.5,3432,84517,722089.1113274285
5,3.0,1673,77778,374451.20457970974
7,4.5,5174,68438,1017793.0282178564
4,2.0,4622,58397,995323.2400917492
7,4.0,5777,60510,1117456.1207828673
3,1.5,761,46424,201618.31366976793
1,2.0,2100,59459,383227.7364026072
8,1.5,3778,61275,727787.3669518532
3,3.0,5090,64034,953851.5854758982
8,4.0,5496,78378,1200000.0
1,1.0,785,26017,165127.65387260573
7,5.0,5253,89372,985909.0105711833
1,1.0,2580,89722,376101.80402048613
8,1.0,5141,44432,926747.6557950776
8,4.5,4588,32757,867310.6141474375
5,3.5,1429,57188,423730.21714568505
6,3.5,4119,41116,787587.5776310393
3,5.0,5968,46716,1174742.5632423866
4,2.5,4111,68738,761559.215175778
8,4.5,3928,30456,799667.2539959494
3,2.5,3948,13634,800282.237715501
5,1.5,3085,59366,516817.86828425986
1,4.5,5211,30856,876286.3158954582
5,4.0,5642,77995,1101045.758204275
2,2.5,1825,70615,382913.4815046412
2,5.0,5451,93126,1172064.3244344478
4,5.0,3444,84137,757986.896844577
5,4.5,3333,79005,793556.035273895
7,1.0,5020,34791,986136.3311320638
4,4.0,4596,47615,815665.9289342937
7,3.0,3270,10348,689472.5407139242
4,4.0,5382,46419,1079218.9592141581
2,5.0,2098,12878,482825.17065966985
4,1.5,2288,21857,364281.51459220564
2,2.5,3047,54029,542021.7716603536
8,2.5,1467,95914,426823.7325484773
1,1.5,4912,73214,814592.4644212815
7,2.0,3608,75538,795913.1114119225
5,4.5,4124,35658,925613.0536698417
8,5.0,5696,33267,1024149.9386135456
8,3.5,5627,89889,1200000.0
4,1.5,2612,77053,505484.28708948824
2,1.5,839,63998,177396.18692992328
3,4.0,5905,95499,1102176.63333867
7,4.5,647,88711,208671.6722708951
8,4.5,4649,61531,1003482.738374622
4,3.5,4057,63416,805999.8701679771
6,4.5,3879,40367,730441.3315503161
1,1.0,3828,27232,592106.3223116416
1,5.0,1848,69048,492185.2629327075
3,1.0,1767,71437,364801.3695473244
2,2.0,4090,59357,974575.6989108225
4,5.0,5570,36468,926513.4151614546
7,3.0,2497,76056,681724.64196074
2,5.0,4136,31497,905881.2700697917
1,5.0,2779,16258,665030.9234234976
2,3.5,5320,65959,1017446.8474239049
1,1.0,2570,44902,422467.6643580397
2,4.0,5296,25454,969194.8854112292
3,3.5,3320,47606,548032.4346303784
5,5.0,2981,61627,753631.7103887422
3,4.0,2543,64969,521659.194833466
3,2.5,3746,96465,772588.8046752857
5,4.0,4083,99713,796353.6503430471
5,1.5,4296,10785,908607.5384809778
8,3.5,3425,83679,740695.0386958797
8,3.5,2427,99628,484036.0430699803
4,1.5,822,57818,160872.71075891142
7,2.5,2346,23635,455358.82925505337
7,4.5,1129,86518,392059.7793290203
4,4.5,733,23409,206895.94128830364
3,4.5,4403,58756,892153.7029303926
3,4.5,5086,28541,879132.6906476547
1,1.0,701,68022,137037.05216008303
1,1.5,4323,79064,766953.6118734628
7,2.5,3328,46327,743495.0020279787
4,5.0,3145,56888,575854.6213079474
6,2.0,3158,34946,636082.9206851211
8,3.5,3641,34556,738857.8722155666
6,4.0,2600,31775,547714.8518296751
4,4.5,1548,99577,318720.1690821202
1,4.0,2168,10835,476044.48156193766
7,2.0,5536,61645,1200000.0
7,3.5,2653,45747,537921.0678076759
1,3.0,3605,53285,642286.4042631661
6,2.5,793,54884,236386.59444871647
2,1.0,1341,26104,295751.8449917703
2,4.0,4506,24927,757972.8001673692
1,4.5,3559,14521,723444.7260901744
2,1.5,5168,54086,1120178.3034456787
5,4.0,2863,24280,645135.5531305759
4,3.5,4020,73266,762111.2982187108
4,3.0,3523,40753,694266.6203010697
1,2.5,3854,61528,641231.0680401049
3,1.5,3839,59605,721169.9183879215
8,3.5,4465,78995,900489.9998965134
6,3.0,637,38077,224363.52252095318
1,1.5,2298,76684,511463.2499891366
2,4.0,5166,47345,1013957.3645578455
6,3.5,4626,41036,872832.4713237197
3,5.0,3813,59273,860925.9182692356
2,3.0,5708,30002,1176870.4037760103
7,5.0,2383,72020,580693.4565272701
8,5.0,2566,58440,683505.5493440998
5,1.0,702,49398,217475.07582770754
2,3.0,641,69516,158226.9467702966
5,5.0,3594,81466,725098.9323771918
6,4.0,3818,88924,860596.4161402287
5,3.5,3590,63965,701964.5309001333
6,3.5,4888,29691,1059533.220358647
6,4.0,3969,79178,822836.0143458633
6,1.0,1661,29201,333225.2452852541
6,2.5,3149,17421,634176.3295695559
6,1.0,2276,23554,558143.0466532834
2,3.5,4289,68828,871487.2678449664
6,2.5,4597,67620,853655.2669905707
2,1.0,925,81124,234243.0420450346
6,5.0,1720,99307,379159.83108318446
5,2.5,707,84852,191660.43612091293
7,3.5,3278,70245,819644.8847515729
6,4.0,5793,55562,1200000.0
3,4.5,934,38234,274542.4139362202
6,5.0,2639,95322,645619.2193420131
6,5.0,1403,25329,377445.87884539104
5,4.5,2448,25698,657754.1270541202
8,2.0,1366,57609,367967.8042371634
4,1.5,5973,26548,1182422.3136464595
5,3.0,4127,49757,838554.6683650705
3,1.0,2906,75234,648126.3464725662
4,2.0,3429,28340,635691.2548487757
1,1.0,2088,79396,413563.78372664494
1,2.0,4729,94695,883590.6275347018
8,2.5,4166,37865,1057035.8533080078
3,4.0,2973,69767,568885.1611112865
5,3.0,1436,23743,332476.1383854892
2,3.0,3909,81762,710049.0093853816
3,1.0,4212,88254,853333.2447818806
7,4.5,5434,59934,1086516.2818037404
4,2.5,3391,66972,699930.2635765475
4,3.0,4812,35530,1051218.5111397232
6,1.5,4583,69336,845461.7369603748
1,1.0,4368,69003,910396.5184484482
8,5.0,2104,42908,447158.56002763263
4,1.5,3050,77186,576107.4644888013
3,3.5,3644,50653,756642.9567521429
4,1.0,2633,57032,462333.36854034034
8,1.0,2299,43783,531807.6939429687
8,5.0,2880,63535,665254.9554751893
8,2.5,1907,81828,390626.68907020753
3,5.0,3127,98273,625025.9832307139
2,3.0,4438,70527,796653.5261313656
6,4.0,1575,35551,353562.00017389026
1,1.0,2656,53543,472472.11006903945
4,3.5,5410,29504,1063121.4454229686
3,4.5,3026,26371,577052.311641166
5,1.0,4274,60975,780159.918443166
1,5.0,3028,96346,687195.8996317894
2,2.0,5539,39036,933354.0575701301
3,1.0,4333,91083,690967.8317961107
7,1.0,959,63756,217387.46779694175
7,3.5,2823,19305,491991.2487760846
6,3.5,1084,84349,307886.1603898777
6,1.0,2028,76436,399940.2723619685
2,2.0,2680,13747,423766.0963268765
2,4.0,1295,55024,311594.77118182095
6,2.0,5260,60623,787979.6777633026
4,2.0,801,33245,212132.74553503364
4,2.0,4457,13103,879335.2747867572
3,4.0,1798,75609,351766.24706835614
5,2.5,1867,78033,336543.4103747427
3,2.5,3570,39577,756668.0283172238
5,2.0,673,69746,172104.49029506126
2,5.0,695,96548,248981.14420642305
1,1.5,4868,18487,863024.8171994322
3,2.5,4077,59449,841428.7613310841
3,4.5,2802,55567,665252.2488560779
5,3.5,857,74849,307309.89629449486
8,4.0,4258,82053,985013.3749026923
2,4.0,5025,15615,1124322.1898379098
2,1.5,5950,86004,1200000.0
7,2.5,3406,20879,699780.4513817382
8,3.5,4856,61996,947006.1747121033
5,2.0,785,23078,204752.5482874229
2,5.0,742,64775,196219.39498346252
8,2.5,3953,14590,662119.4548729319
6,1.5,1239,64100,238562.37236796404
8,3.5,4349,20910,1022798.8846875865
4,1.0,2674,41976,437211.31084824033
7,3.5,4568,31574,960653.0850612258
6,1.0,801,50652,205257.51459621516
1,4.5,3692,98252,702022.1992624995
3,3.0,3765,43430,702447.5495672676
7,3.5,3679,83735,814899.4565123192
1,1.5,5167,65627,835551.474989884
3,1.5,2702,62239,456184.8064825033
4,5.0,1510,63913,380428.62781502906
8,2.0,2171,19477,484328.5444207536
2,3.5,5725,62772,1137024.991724959
6,3.0,4048,75696,809736.7693371396
5,2.5,5769,53358,1110796.495190414
6,1.5,2759,54205,703518.6919457567
4,4.5,4925,81996,941920.3861696885
1,4.0,3144,72376,691466.5881726734
5,1.5,1929,91937,424870.35442722583
2,3.5,4213,32894,804166.6578593885
4,4.5,1060,69919,238631.50687667663
5,4.0,1406,12918,418329.29011324706
4,1.0,4299,35629,810592.6386662537
8,3.0,2873,26699,620092.2632119905
4,1.5,658,63984,195663.4605415555
2,3.5,5795,61363,1167409.7646217423
7,4.0,3075,17069,595605.6715032815
3,4.0,5423,64285,821429.7442630522
5,2.0,1755,80063,418920.56812159094
8,4.0,1097,29099,334021.30800599296
2,3.0,5605,67977,910811.408156184
4,4.5,4925,25622,1178163.8606148702
8,4.5,5028,36281,1120490.0469495018
2,4.0,4576,49433,852030.6268154216
7,3.5,2207,49875,573551.3361330193
8,1.5,1320,91067,362851.4106465626
8,3.5,1874,15132,473035.41433203977
3,5.0,4467,68016,898751.7851920847
6,1.5,1290,53239,301455.1402428348
5,1.0,4623,70891,800882.1982833905
3,3.0,4752,49550,828299.2883043215
1,3.5,4037,37196,785604.4871856511
5,2.0,2955,91529,515210.6813016601
3,4.5,1349,63849,341981.9880848674
4,4.0,3651,57358,686873.1061053118
5,1.5,5373,49513,1011657.7556313209
5,4.0,4164,49028,794663.0054949883
2,1.0,5255,90481,1150511.2181763197
4,5.0,2304,93105,504858.8869250242
1,4.0,4045,98915,699513.9103602642
6,3.5,5044,48877,996368.0295553964
8,1.5,5786,32825,1200000.0
7,2.0,2977,76451,469600.4992759332
3,1.0,5874,33848,1196897.368660555
2,3.0,3831,23669,841655.5507523217
3,5.0,2815,19875,577420.9315081874
1,3.5,1485,90389,246925.95419709734
8,3.0,1464,77961,375406.9355102612
1,2.0,4094,43193,823807.804882686
5,3.0,3654,26552,739473.2008835262
7,4.5,1385,43282,415286.79040642706
1,1.5,1056,46203,227505.15538705254
3,3.0,944,94536,240714.61607518498
4,3.5,1153,86105,288155.9439092361
4,4.5,5716,78740,1009407.6083301951
5,4.5,1387,83301,317218.6366500856
6,3.0,2419,86232,589179.1411898328
3,5.0,1304,34928,391669.4686156803
3,2.5,5823,58910,926837.2924687575
1,5.0,5507,24679,1108238.6240046262
7,4.0,1552,44173,399022.0926898643
3,3.5,1414,54899,357583.5967360445
2,2.5,2148,57865,523710.27442796004
6,1.5,743,48182,237942.0166599902
1,4.5,3377,49109,578763.6817209675
2,3.5,4366,14174,814960.2696634011
5,2.0,5558,27061,1035338.3112163768
4,4.0,4425,75749,973982.628733055
5,4.0,1816,75524,503715.6441516956
4,3.5,2407,72108,408195.9056331785
5,1.5,5070,88812,1163356.0410603709
3,4.5,5372,84621,1194650.676517599
2,1.0,3339,38481,641909.6588764058
4,1.0,1889,61938,433182.10715882306
1,3.5,1155,41276,242484.21788838774
2,3.0,1462,74850,271472.9986200132
1,5.0,3085,97780,559443.338405127
2,4.0,5576,40601,959263.5564506386
2,1.5,2955,60324,517292.69494901947
5,4.0,1565,31264,352136.409861394
4,2.0,2995,89426,605474.3875864703
4,1.0,1075,56312,246697.17141013595
7,4.5,1938,52852,506517.8295556941
2,2.0,1124,57907,221708.93349171596
3,4.5,3171,31058,716366.5467003444
3,4.0,1161,91657,308364.1063550225
1,1.5,4302,47352,601602.9818888565
1,1.0,5264,15021,867541.3982036203
5,4.0,1805,32614,436396.712285569
2,1.0,4633,69131,721978.7836575678
1,3.5,4447,52950,738248.6800349271
1,4.5,4801,53420,866179.8601045371
6,4.0,2838,12631,602612.7089324156
2,2.5,1760,16345,370943.2291345186
8,1.0,5395,57674,863215.3253573885
5,1.0,5839,36844,1082102.1252817637
1,2.5,4425,81836,660785.9362279752
5,3.0,671,94096,198168.86629542158
4,4.0,1354,15362,372970.58840480185
5,2.5,4452,18097,1009184.1074170347
8,1.0,1504,15599,367126.1806853404
3,4.0,651,57373,190181.8004074851
8,1.5,5699,14258,1061071.5490487935
3,1.5,3221,63271,636410.2986951212
5,4.5,3790,82176,842753.2179298976
3,3.0,4548,47056,979363.9414814627
4,1.5,1887,27261,387470.95044813794
2,3.0,5958,61696,1200000.0
3,4.5,5380,47827,986021.8762195525
3,3.5,2372,25141,412684.3595565682
5,2.0,4502,36752,1026012.2524596697
4,4.5,4520,99084,967983.4882694064
7,5.0,1549,91438,475460.8086838719
7,3.0,3738,62680,783332.1691166599
7,1.5,3016,28792,528983.2542921755
7,1.5,2879,47628,610051.6199066845
2,4.0,2025,63100,573857.4029058337
8,1.0,2184,77870,468768.226730971
5,1.5,1646,10767,306818.79175327835
5,2.5,5986,36992,1185040.6753903467
6,1.0,2765,39570,485800.71220733435
4,2.5,4623,74697,1009659.1014076701
7,3.0,1776,87273,496035.8413375912
2,5.0,2760,88908,523929.24654450576
4,1.0,1631,96126,317792.77572303894
7,3.0,3888,71580,643549.260679509
2,1.5,5126,10744,902234.6977999561
4,5.0,1915,30558,482052.7120882764
5,3.5,1492,68861,320478.99580303265
5,1.5,5769,42259,1023446.9932421359
8,2.0,706,31450,252162.43959561532
1,4.5,3680,66949,745232.0389762324
8,1.0,1344,46929,352874.3796138716
3,2.0,1221,56589,281779.02855135355
8,1.0,5690,85122,975953.5607829452
7,4.5,4840,10286,851121.0821484253
6,1.0,1420,78783,281491.6961740288
4,3.0,1011,53562,259937.4830884711
6,2.5,713,80635,246473.72282409278
1,4.0,3046,26387,559138.6745237362
3,3.0,3946,32319,742124.1548027976
4,4.5,4819,10411,886649.8818750108
2,1.0,685,30729,140312.19202235318
7,3.0,4742,95647,1011654.8676088256
3,2.5,2172,25704,490881.5100623767
5,2.0,2605,20109,580141.2015176311
1,3.0,4679,76892,1114287.1560657073
3,2.0,1403,41172,252242.8463213939
7,4.5,3934,83885,824371.5733574496
8,2.0,3949,27984,693734.3060793614
3,1.0,1669,37460,329246.6096886792
8,5.0,5887,48474,1200000.0
7,5.0,3269,54449,778151.5408937482
5,3.5,4741,17196,1054921.1955481877
4,1.0,3371,96993,701665.1958198379
2,4.5,5235,61534,1055295.6504845126
5,1.5,4782,23549,753718.9994447
8,5.0,2008,19821,607845.2434796159
8,4.5,4340,45564,1071841.2641705233
2,2.0,864,21073,238436.32325795098
4,3.0,4448,17282,1005635.2450389743
3,5.0,3693,71146,599215.1035717285
2,1.0,5398,29189,984182.3386111292
1,5.0,2073,84783,376025.04470865015
1,2.5,4881,20771,778511.8885531568
7,2.5,925,71492,302601.9247162349
5,2.5,1806,53725,519352.3954409469
8,5.0,5092,32234,999159.4534733593
4,3.5,2104,99282,398628.86453637574
7,4.5,4134,44096,785981.4234122615
5,2.5,2040,22236,446940.5949299211
5,2.0,5784,61544,1074447.5158995693
7,1.0,1555,45921,307855.56002591737
6,4.0,1154,34576,366639.0248236508
5,2.5,5736,10166,973282.3071682468
6,4.5,3854,24652,901356.3139111474
1,2.0,4739,29638,906380.0125175179
1,1.0,5596,96980,1072227.271118126
5,3.0,5177,25233,1103667.4743737555
1,1.5,2636,11885,630292.266417098
4,2.0,1886,63520,325190.178561624
6,3.5,1797,90244,419393.5017697591
6,2.0,5261,45016,1173657.991348181
5,2.0,2867,78948,453613.06387730583
1,3.5,4229,74810,780817.7257290115
2,3.0,4065,21769,893437.9652274463
8,5.0,1371,91483,372698.28850912227
7,1.0,5914,53147,890982.2691254626
7,2.0,3056,16449,554126.0112613633
6,2.0,1070,52179,266155.22950602794
5,3.5,1970,18136,396407.81065249623
5,4.5,3732,81986,867592.0068659564
4,2.0,1271,52999,281149.0984954741
3,2.0,1774,99567,325050.6756730655
8,3.5,710,41052,219954.17738979563
3,4.5,4159,71281,811090.419809836
6,3.5,1626,21346,415177.6136904725
7,2.0,4154,67677,896193.7826068068
4,2.5,3833,24852,866411.110608985
4,1.0,5039,82603,1094140.3202519
4,4.5,2072,41485,548105.6001193626
6,2.5,2979,85225,604591.5090160047
3,3.5,5472,93337,1200000.0
7,2.0,3571,34272,621367.3479401304
4,3.5,2981,13763,652454.5347920817
7,5.0,3890,69087,776714.9955599509
1,5.0,5353,64848,1180793.1051119766
5,2.0,2433,40075,550295.8104656688
5,2.0,1053,38692,227506.7000735558
7,2.5,1340,76414,282055.34688324394
2,4.0,2980,38848,550582.3882166183
2,2.0,2957,29268,681337.7923083173
6,4.5,2043,86323,466118.40526219486
6,4.5,4280,51620,956636.265261443
5,3.5,2348,86872,595725.5256254402
1,2.5,3001,89023,440816.9811788227
8,3.0,5519,50139,1106824.6277085168
3,1.5,3771,63137,772468.6189819869
3,3.5,4840,44037,873889.1278275535
6,2.0,2606,88434,467197.28904589516
1,3.5,5763,27678,1060809.1031210506
6,3.0,2386,53051,435405.7058656697
8,1.5,2009,28141,469504.4074365164
3,3.0,2362,85692,418727.9332374831
7,3.0,1509,34160,462376.66527606227
6,5.0,1360,22835,390094.44861060113
4,4.5,3840,19383,825846.6219935144
7,4.0,3289,34564,781989.8354823168
8,2.0,1130,94761,282733.57458146586
8,2.5,1959,48484,404766.71967389045
6,3.5,4418,61556,934659.1254830385
5,2.0,2627,95482,551040.002788069
6,5.0,3160,38280,716900.7458290901
5,4.5,2777,52782,592192.770089207
8,3.5,5703,60423,986071.2754153106
1,2.5,2137,36295,410747.0096257258
8,4.0,1873,67596,419442.53322680417
3,2.0,3381,85287,741237.96231323
7,4.5,1546,66953,399555.3895199525
7,1.0,5857,84464,1069931.2529734964
2,2.0,1898,81678,392531.231132507
2,3.0,5697,55955,843237.806244935
8,3.0,3111,61080,730888.3652222849
3,1.5,2788,91793,489927.76348103955
2,4.5,1481,74930,417269.51966724976
7,3.0,2447,32650,610218.3800394984
6,4.0,2575,33212,544780.0654845468
1,4.0,4868,77726,924713.6148595106
1,3.0,5168,76538,897532.3948250482
3,4.5,3564,52882,662832.8025918166
8,5.0,3663,33038,730253.6353098133
2,2.5,3728,83630,672501.8067743402
6,2.5,1097,32451,284590.32027760614
1,4.5,2816,79288,664550.7954885488
1,1.0,1588,65352,366147.3190061225
4,2.5,3208,30521,658604.9902948827
8,3.5,3075,74308,670435.1465266976
4,2.5,5114,62854,934539.2401633853
7,3.5,1970,47206,552035.3593369266
1,3.0,4188,79963,715463.616146029
3,5.0,3102,15556,717533.7151372357
5,5.0,5409,28772,1180428.0291919843
5,2.5,778,38063,180535.58435561962
6,2.5,2529,32709,532449.2592956983
1,4.5,5641,60852,1150116.8401726508
1,2.5,3148,90855,644792.7909794039
7,1.5,5434,15383,999578.822421144
1,1.5,711,11233,176218.23357747283
3,1.0,3819,37146,672078.4757643514
4,3.0,1314,61450,260755.42865231552
1,3.5,2001,34713,353999.14222830295
1,5.0,3524,53758,698002.9476505045
7,3.0,1981,90325,506444.1766624037
8,3.5,3727,78466,871337.1013815847
2,3.5,5508,87648,895613.9653418827
8,2.0,3611,22374,640488.7042032304
7,2.5,1808,60985,334110.3845452702
8,1.0,3725,41012,633841.2669339797
7,2.5,636,94059,232936.6856738277
3,1.0,2428,34783,459986.61231608945
6,3.0,3660,25563,719120.0397194317
1,4.5,3941,53193,932507.0861818792
7,4.5,5947,20042,1148676.3386999778
7,3.0,4541,69031,773615.0899592624
2,1.5,1409,53163,282416.34936816385
7,3.5,3672,98356,698249.3042482496
5,1.0,4718,12208,1018092.4102805565
6,4.0,2126,23796,421243.91740034346
1,2.5,4119,32670,870610.4595343664
1,3.0,5491,34320,1056964.6165506167
2,3.5,1095,30074,332408.1582332701
3,1.0,5595,37931,924876.5119822738
1,5.0,1024,28993,208753.40737044433
5,2.5,3347,65330,631207.5616649666
1,4.5,2665,42991,632976.5757688695
5,3.0,2582,25003,599993.2419511911
6,4.5,2068,57496,550046.0937627975
6,1.0,4400,24743,863781.1406397098
4,4.5,1833,62926,391287.71127363807
4,2.5,2397,89543,477908.95259870816
5,1.5,1164,34300,291057.95948977896
3,3.5,3619,91711,703974.3764100145
1,1.5,1904,81509,380647.62680660834
7,3.0,732,19703,247396.01029651804
1,1.5,1048,94006,243109.0107639428
4,2.0,2430,75014,491575.4398272825
8,3.5,2758,98816,698168.8634822256
7,1.0,4226,99403,816570.4005624336
5,3.5,1449,50431,410413.8103102997
7,2.0,5957,66436,989117.4007610361
8,4.0,4562,31845,988162.8212716029
1,1.5,2080,91777,345672.0221327321
1,3.5,1500,45055,295211.11087994947
3,4.5,5454,18878,1200000.0
2,1.0,2139,20209,405363.7075041563
7,5.0,2499,68812,530369.4641901904
4,3.0,3544,21004,723717.9676281846
8,3.0,5557,43390,1057212.1857380366
8,3.0,3844,38400,800333.7927343897
8,3.5,1114,86511,331607.5689029845
4,1.5,5663,88121,1200000.0
2,3.5,2191,16876,425088.58110286394
1,2.5,683,58104,154851.31101472417
3,4.5,4342,89135,1059662.66262582
3,5.0,5493,53906,1200000.0
4,5.0,2727,30378,567007.527304108
3,4.5,2201,36568,495631.3311081395
8,2.0,5217,96224,967992.7467137335
6,2.5,1822,97332,412084.5335557972
2,1.0,4929,40796,1076998.0652380567
1,5.0,2442,96353,407500.8063524367
6,3.0,2891,74350,582157.7791122647
2,3.5,2189,65061,535730.3920609327
5,2.0,3496,85597,692706.8550539635
7,4.5,5088,34401,953758.1085913393
4,4.0,608,13810,204394.65612306242
8,1.0,5308,99362,1124368.0914142893
3,3.0,1314,14902,326264.4234792178
5,5.0,2527,72734,550218.9521397764
3,3.5,709,95148,227778.37393123674
6,4.5,5529,59723,1158465.665867368
1,1.0,865,70599,182379.05905507953
1,4.0,3823,86199,681575.8113657902
1,2.0,5671,23967,1016063.0944846976
8,5.0,1554,50536,430370.9221761351
3,3.5,1949,15135,354294.9832669451
5,3.0,2174,72365,457007.41225684393
1,4.5,2823,89608,486494.2689303287
5,4.5,4431,95953,913345.5737731213
3,2.0,3855,81979,650029.5255882456
8,1.5,1658,31925,412094.2789541087
6,1.5,2557,40993,432217.04799845064
8,3.0,5544,75796,1057727.5892327237
5,4.0,5658,84663,972789.6269794528
8,4.5,3747,59483,947284.8904915197
8,4.5,3119,34843,678868.2971338185
6,4.5,4253,47879,939569.2258781709
3,2.0,3170,78457,714417.5202614485
3,1.5,3527,13888,726640.8662659358
4,2.5,4487,75713,809595.1242156778
8,1.0,1487,61151,299141.1190810322
3,2.0,1344,17426,221846.26544123696
3,5.0,4114,80031,820354.5520015727
2,4.0,3530,20047,645788.0013294533
1,4.0,3279,28039,552125.8024355873
4,1.0,5944,71096,1058814.5649696756
7,4.0,775,45301,218724.11520297895
4,4.0,1165,58707,282399.7691425281
4,2.5,3817,55114,739352.9874509532
7,4.0,4957,31366,1013098.1300377741
2,4.5,5226,30745,1035141.6950590273
8,2.0,1994,53082,418914.4275318656
6,1.5,1820,65270,374885.12804865494
3,4.0,1547,21353,329150.27487216436
1,3.0,1184,35080,286488.291849798
5,3.0,3462,28788,582239.319460122
8,3.0,2220,44969,527520.0692013742
7,4.0,3955,65171,1034321.6516675086
6,5.0,2949,70633,686813.5737300513
8,4.5,5851,15659,1142618.5474664727
7,3.5,3791,43921,883068.0510587997
3,4.0,3807,14161,673839.67874661
2,5.0,3176,25503,647651.4476491546
8,3.5,1131,34982,292891.5715420147
7,1.0,1831,79014,359503.5559359031
3,2.5,2593,65910,398262.48067979654
3,4.5,2297,62632,552421.7034702753
2,4.0,3970,37172,839831.9434208652
4,2.0,2145,85696,387684.1923095657
8,2.0,3765,67804,673827.3640357993
8,2.0,2037,87467,460039.7673402977
4,1.0,970,73107,222901.3638071603
1,1.0,5104,68926,912834.9871481662
1,3.5,1216,83137,274181.34298339783
4,1.0,4766,79053,826502.0522154991
6,3.0,4614,80338,978504.839927742
5,2.5,4779,94295,1030360.4279994048
3,3.0,2856,83386,450752.14125444373
5,4.0,4954,16744,854981.0370545838
3,3.5,3910,98309,894925.8693699659
4,5.0,1531,81784,412763.100794586
1,3.5,2929,70083,587452.5512864238
6,5.0,993,60123,304743.030429598
1,2.5,3065,82672,677391.3651528021
5,1.0,3877,52285,596406.7474419662
1,1.0,2529,67496,509004.3440015324
4,4.0,1225,87336,292715.42131680786
6,2.0,5257,72396,1028344.2512324755
5,1.5,3479,62238,565901.2311050257
6,3.5,3766,23417,745542.7720038237
8,3.5,5636,55129,1200000.0
3,4.0,4022,47719,720872.7590365343
1,3.0,2709,14002,561914.785446652
6,4.5,1765,12332,453618.9289329639
2,4.0,3381,36149,580837.8613387041
8,1.5,2491,79911,466723.8800782948
1,1.0,3782,95808,640800.9824293439
3,5.0,2239,68923,457487.04207379755
6,3.0,1381,27352,319262.6919731403
5,3.0,5292,71081,1164584.7238954876
3,2.5,2656,73778,629321.6831846735
2,1.5,2923,77569,563459.0061022622
6,3.0,2874,31645,541514.1344144582
7,1.5,2833,35343,658491.5223174064
7,4.0,3238,10645,614087.6286722585
4,5.0,3887,41775,834433.6770642127
1,5.0,3080,14121,720576.7526213328
5,3.5,3216,73742,747873.0131736926
4,1.0,955,83648,232287.36057262044
6,3.5,5087,19271,1020940.9696244473
7,3.0,5274,49204,906507.0343463867
7,2.5,3946,35212,765914.7138368541
7,3.5,4122,85828,882589.1508334507
6,3.5,3067,33481,785278.0902495085
7,3.5,763,76404,283080.7492128242
3,1.5,4234,48682,690376.3414724175
8,4.0,5333,71441,1041783.753907969
6,2.5,4263,83749,819658.4854652432
5,5.0,3854,69969,845974.3224896219
8,1.5,3981,98275,1008781.0861907211
4,3.0,2664,74747,650317.9350955412
5,2.5,4865,11903,1018430.405839131
8,5.0,4584,45344,924625.231860359
2,2.5,4487,96534,646007.0492684356
7,4.5,939,28319,254948.40638324397
2,4.5,5421,31441,859616.4660584073
1,3.5,4381,86178,681056.8114860874
1,3.5,4190,87312,862392.8520262085
8,4.5,2533,34862,637562.6188439549
2,5.0,5730,41103,1028239.793580177
6,3.0,2245,21510,520516.6808307331
5,1.0,4828,44691,871221.7799257877
2,1.0,3287,88938,486213.08627712005
1,1.5,5518,81991,947772.1509484907
2,3.0,5649,50372,1067102.321175937
6,2.5,2726,78309,589022.6848447334
2,1.0,5041,53050,752268.8282904361
5,2.5,5304,37377,864615.1861225027
4,2.5,1238,68336,365224.05755669635
6,2.5,5743,85312,1011791.0589283903
1,1.0,1824,68219,286290.2282877575
5,5.0,4305,69229,841425.4336200849
2,2.0,4510,75679,786469.0719482665
2,2.5,4845,66648,1084137.9711647655
4,3.0,2149,35698,435891.3838940106
1,4.0,4745,27083,1001402.3422762109
1,3.5,2105,55169,545301.9471881198
3,3.0,5030,32702,748698.3267418161
1,4.5,1975,51022,480366.0726817598
4,1.0,1267,76543,237569.1030595623
7,4.0,2974,85710,673400.3371095231
3,3.5,4690,17203,782771.4756495677
3,3.0,1615,69772,334000.12142303854
2,4.0,935,46492,277123.80244156026
2,2.0,5361,98519,990524.0249565484
1,1.0,680,68636,145388.81115704184
3,5.0,2734,65639,645703.8657955462
8,1.5,2399,50685,515235.66094621544
2,2.0,857,96429,168412.89462034788
4,4.5,5686,25739,1159465.0236402105
8,5.0,784,39917,195753.95995495687
2,2.0,722,30704,165620.07892629522
6,3.5,5300,68521,843231.3130359175
6,4.0,5599,57383,991736.4116642262
2,1.0,4114,82742,856856.3996438514
3,4.0,1994,98792,401041.01983074326
7,2.5,2952,34307,673524.9623960227
7,3.0,3819,14716,815747.5021519086
3,4.5,1908,66270,527949.8277215635
5,2.5,4544,28920,821933.360717789
7,2.5,2541,47871,627939.7335867423
6,4.5,1090,52928,297725.5677435877
4,3.0,1654,99000,389458.8768946844
3,3.5,1301,23587,334858.5994566448
1,3.0,3534,11195,590682.1133959085
6,1.0,5987,35083,1175645.8313202106
4,4.0,5910,32438,1199759.8554021453
4,3.5,5295,30009,1200000.0
3,1.5,1734,96679,295083.5653383829
4,4.0,679,23696,241909.5159451618
3,3.5,1435,17564,351112.6514024957
7,3.0,1251,13637,333516.85676389403
2,4.5,1016,72759,246327.47644417972
6,3.0,5773,27790,1200000.0
5,1.5,4280,81050,763586.298064978
2,3.5,4466,66924,862474.9052070038
6,1.0,1345,97299,342572.55833655066
3,3.0,2602,22568,638427.8646445515
6,3.5,839,80847,267626.8118405307
7,4.0,3493,51596,647709.0169415912
3,1.5,2544,48315,478071.01178190677
2,1.0,1455,27191,311202.75069491507
1,3.5,4115,30908,710028.6759679456
1,2.0,3246,11415,638026.8325772058
8,3.0,3794,50276,654528.2492467128
8,1.5,5115,57650,1007044.0537170386
6,1.0,5404,74427,1112600.811905227
1,1.0,3198,94369,568813.7345187534
3,2.5,1953,25406,346858.21486605494
4,1.5,2635,39336,493545.6316325884
3,1.0,3480,87316,533903.0220830274
4,3.5,1279,49871,315495.1074270788
2,2.5,1086,22221,245611.99405360906
5,4.0,4220,31116,879879.9552308066
4,3.5,4250,49790,759048.2175872856
1,3.0,5318,89958,782832.6389041865
3,1.5,2038,51474,331744.1395540716
2,3.0,4914,97019,896741.2700500928
1,5.0,2084,50100,429894.0189669483
2,5.0,1290,15416,371063.1245266082
5,1.5,1612,25251,362980.8143064619
7,4.0,5142,37074,1137809.085015736
3,2.5,2947,75447,586600.429838918
6,2.0,4308,67684,883021.5419138558
3,1.0,5070,87700,993928.338610095
8,2.0,2522,64822,636031.8141722362
5,5.0,1237,78004,267415.85734661325
3,5.0,3608,61580,679332.083946627
8,4.0,2833,65300,829905.0141878
6,2.0,2725,53655,564311.3800124245
4,2.0,4057,12027,848993.9811907589
2,2.5,4889,99091,961795.2322344566
6,4.0,3774,21944,765273.7436227687
1,4.0,4288,10315,789324.9606345852
5,1.5,1999,89669,441805.0370028385
4,3.0,2934,46757,682086.3495118181
1,4.0,2105,34268,452710.679669232
1,4.0,849,61011,210215.7671181584
5,3.5,5920,74544,978098.5959496311
4,4.5,1135,80293,337041.5666940736
7,2.0,4132,50640,904925.4072360154
1,1.0,4149,39967,780503.3822738924
1,2.0,5802,38798,1129071.0594387366
4,1.5,1057,71788,326044.1409649748
3,1.5,3338,41461,692696.4084186825
1,1.5,3969,92163,787663.4944476644
2,3.0,4735,73496,830400.2271750424
4,1.0,4296,76247,885050.1015696859
1,2.5,4011,21085,825457.7655590699
5,3.0,4669,83460,842703.9404527771
6,1.5,3987,91085,760456.8822296715
2,3.0,3785,68852,799381.730866712
8,2.5,3838,83998,659533.1526125356
8,4.5,860,12560,394779.96691664314
6,1.0,1847,97059,461365.2997889022
8,3.0,3933,29944,874864.5010219372
6,1.0,3922,77713,825067.4211044364
1,2.5,3173,70161,571947.2462686414
2,4.5,725,30098,271462.9755024884
2,1.0,1829,37475,319041.2863673157
3,1.5,3811,52736,831973.791626084
6,1.0,3733,31416,694186.9025553293
2,4.0,1906,89656,337486.8879154976
3,1.5,2701,12948,488182.97681541747
4,1.0,735,12520,181376.39200691236
3,3.5,2977,82805,563553.7577764645
5,3.5,2059,72976,439729.2741110033
7,1.5,4831,23336,974311.3762264416
1,1.0,1412,70112,279734.2824442361
4,2.0,1451,24020,307120.53610975156
7,3.0,2344,74566,576930.6606442945
7,3.5,2538,26746,567865.165467815
4,2.0,1470,77792,323478.23223852576
5,5.0,1234,88372,348671.8738298876
3,3.0,1268,35711,236141.5548441817
1,1.5,1893,14358,367896.6501785666
3,3.5,3688,21339,729697.6664034402
2,4.5,868,42039,256349.33981712512
3,3.5,1460,31245,277421.23685278936
8,2.5,1081,27259,305984.0351819943
4,3.5,3890,71086,685084.5332668151
1,4.5,3990,65107,662049.9693341734
3,4.5,1861,82665,380285.0613185488
1,1.5,2932,63003,512228.94837914885
1,4.5,702,58789,215974.06292804622
2,3.5,4394,50573,851888.1384677994
2,1.5,5487,65808,1062371.465305944
4,1.0,4934,51588,1049440.5317197882
5,3.5,3292,86747,600351.1972753098
8,4.0,4271,91164,928990.9508508099
7,3.0,1481,36300,279266.54598478926
1,4.5,2835,57092,609934.1622319687
5,5.0,5583,93048,1178102.1424476579
7,2.5,5975,96481,977260.2401306253
7,4.0,3634,96944,697577.0984820839
8,4.5,5619,58408,1200000.0
4,3.5,5489,95847,997398.6189369947
7,1.5,3177,75124,553038.2278025616
8,4.0,1275,45609,340178.0755886392
7,5.0,3039,21139,656913.0908364439
1,3.0,2281,48245,487819.0056988713
1,1.5,1876,60160,415625.251971006
6,2.5,5367,93146,822477.1049831599
5,2.0,3847,60787,687948.7511219026
3,2.5,5534,38952,980348.6669903467
8,4.0,4248,74403,840278.8987738963
2,4.5,1912,89104,477941.4848821771
8,1.0,1673,87538,385035.6463859471
3,4.5,4699,17529,1098772.3648707792
5,3.0,2254,93605,579698.4618150613
2,4.0,4347,58478,956042.933099706
3,1.0,4688,72525,897145.1081990057
6,1.5,2493,79248,430065.78075988154
2,1.0,1885,75091,322352.73227704543
1,3.0,1134,49826,275313.3708631607
3,3.5,4047,67885,814348.5138286031
8,5.0,5780,29328,1114387.2909869684
2,4.5,1979,93247,457791.6962475934
6,4.0,1245,15906,295925.0402009804
8,3.0,623,39107,213245.9559061731
7,2.0,5252,61412,999583.1241256531
2,5.0,5051,93349,973261.0739314634
2,3.0,5565,19153,1100325.2841488465
6,2.0,5270,56213,1174938.9317270075
7,2.0,4724,41679,1159095.9001502052
3,2.0,964,99306,248634.56018117425
4,3.5,3255,94388,593817.664251885
3,1.0,1008,29612,215158.85947478548
7,2.5,1914,40907,465455.73175539693
5,4.5,5872,63551,868317.2550914284
8,2.0,818,90984,265549.5203439926
6,3.0,5303,13966,958344.9559883144
3,1.5,5731,64433,861699.9837352742
2,1.5,2139,31401,400283.1440045312
6,4.0,4033,31539,625081.8294202026
1,2.0,5553,44018,1092444.6306440823
7,3.0,2202,69542,432106.4881366025
8,2.0,3304,80224,686113.828310543
3,3.5,5664,73534,864195.1977516314
6,2.0,4248,95993,774459.5578981556
8,4.5,1705,46555,392136.2213331711
3,1.5,4011,20470,607516.1375276879
6,2.0,3088,48426,629638.1296952114
2,4.5,1216,84729,324008.00510038063
1,4.5,4921,62924,977255.3130148954
1,1.0,3018,68954,580979.2352541183
5,4.5,627,97613,233859.82350061458
6,1.5,3655,46759,690384.1701185681
3,4.0,5690,84831,1200000.0
1,3.5,615,24735,172649.9496579979
7,1.5,3948,57011,842106.7151783603
1,3.0,932,78568,212945.69188844317
4,4.0,5178,46671,1046335.2475408142
4,4.5,5261,35836,1005267.9773854205
1,2.0,2761,96814,518274.20689215587
6,1.0,2685,97438,455782.393584689
5,4.0,5149,70854,919000.2609910514
1,3.0,4553,61488,838662.0968595344
2,3.0,3389,46091,611188.8562735036
8,4.0,4861,17120,957964.3413197581
3,1.0,2852,17859,517987.6947849288
5,4.5,5573,40611,959604.3632677954
2,3.0,844,55477,234621.78799117403
5,4.5,2494,16786,574040.6513245201
2,3.0,1956,31185,331028.24693214416
3,4.0,1542,79245,368942.29574775783
3,2.0,4067,94690,781208.6863477841
4,1.5,3792,73906,835650.9413949889
6,3.5,5978,96395,1197184.2275246347
2,3.0,2345,79745,436099.859579579
8,5.0,5105,98915,1143926.71660482
4,2.5,2957,90382,485428.88688403746
2,2.0,4479,28003,789299.5965803345
4,5.0,4377,94436,804661.2313674517
3,4.5,2715,87916,588978.5755672691
5,3.5,2867,19707,659753.2591222856
7,1.0,2867,34379,495812.9528486054
4,1.0,2096,60277,383214.8160489102
2,3.5,3396,82442,667333.8617784248
2,2.0,5081,91431,890375.8275426613
7,2.0,1529,64756,371827.55362555914
6,3.5,3924,94956,933252.1661296047
8,2.0,5100,90748,854987.1023041953
3,3.5,5187,89859,996796.7255100092
2,3.0,956,71579,216024.40833727692
1,2.5,4910,82884,836954.0260299698
5,4.5,4664,76111,957796.3355488487
4,1.5,4441,49939,750498.2509980744
6,4.0,4530,25748,758357.7472243294
8,2.5,5447,78879,1136860.432379209
7,1.5,1426,52115,259389.3187082506
5,4.0,5933,72023,984310.6745449797
3,1.0,5817,97943,1200000.0
6,2.5,1265,69984,293398.7949686747
8,5.0,2628,52495,548004.1513356318
4,2.5,4291,50747,713184.8288646867
4,2.0,3182,84690,624222.0030028934
7,1.5,1153,70378,351235.37988488487
1,2.0,927,31555,182308.13498651917
7,1.0,1788,36623,438152.54445266246
3,4.5,749,47309,277212.2610962003
6,1.0,5751,95780,1164225.669165988
6,2.0,5352,60666,870849.6883207061
2,2.0,3453,11067,544908.1742650837
1,1.5,2536,27265,387003.6849921851
1,3.0,4988,82445,961881.7806913458
6,2.0,3336,31416,654787.9136854874
6,2.0,1556,89772,459119.0077603621
5,4.5,3848,62791,1000828.342976591
8,2.5,5780,36125,1200000.0
5,2.5,1015,86465,298083.00096284656
5,2.0,4054,63709,681191.8577297844
1,1.0,3245,51060,596037.1896649314
2,4.5,4374,41411,852781.3191186679
4,1.0,5613,90855,968750.9813111147
5,4.0,684,62684,251910.99734713123
2,3.0,5652,45584,865343.2833824061
7,2.5,2535,81947,605016.1810829027
3,2.5,2016,41602,459551.9107986312
5,4.5,1670,82740,370791.877964938
7,3.5,4012,28899,738517.9146935181
4,1.0,2121,79588,400273.4976649752
3,4.5,2101,59410,557814.0370819591
3,1.5,4691,67852,745642.5678855253
4,3.5,3073,48554,693236.0582417396
5,5.0,1335,22013,346700.44439143705
1,1.0,3438,55364,592454.0055867292
4,3.5,3162,57213,680572.8352220682
4,4.5,5848,46494,1200000.0
4,1.5,4506,10678,805440.2767543717
3,3.0,1872,40352,382562.7068052859
8,3.5,5436,55797,1161758.343415895
2,3.0,2462,19098,396141.93995828024
7,2.0,4826,18459,929833.9995038812
1,2.5,2363,48894,576421.8544019326
5,4.0,5018,88763,804684.8547442025
5,2.5,1422,80442,332245.9840273544
7,5.0,1142,17898,335282.3354325107
2,1.5,3365,60352,632396.4645950766
4,3.0,2678,57207,505773.728966949
8,4.5,1484,43884,450360.18102751556
1,3.0,4886,81880,804843.7815202064
5,4.5,4249,37366,764031.3742190844
7,4.5,5110,20836,788707.6713251544
6,5.0,4171,27442,971483.6874173696
8,3.5,4533,66436,989486.5733271114
7,2.5,4266,50920,686993.6081720561
8,2.0,5765,22686,1200000.0
5,3.0,2321,53604,563381.6311580886
4,3.5,974,20356,246567.82692949995
6,2.0,1157,51163,300439.8512373412
2,1.5,1880,37793,427942.68491023476
1,4.0,4023,12491,818680.9722095887
2,3.0,1728,96742,447437.930859546
2,5.0,1960,69382,412325.2317453357
7,2.0,4197,89464,769224.4889870614
8,4.5,1700,49772,552848.6849382737
1,3.5,2134,87096,494423.983412745
1,2.5,5949,17011,1200000.0
5,5.0,3225,97620,657580.866556599
5,3.0,4727,54518,918509.5513919198
1,3.5,2231,38633,480633.17110839544
6,5.0,657,14862,221781.8328166101
3,4.0,1727,48118,451652.4819766011
5,3.0,911,73849,209732.5297748775
3,1.5,4317,88218,849762.7413368935
7,2.5,2601,55303,637088.1285139779
6,1.5,3337,21703,616282.0975793817
1,2.0,4477,25096,784123.3945307928
6,2.0,2882,70047,681007.858669408
5,2.5,3783,89642,655542.8994351487
2,3.5,2031,75891,519334.50830974214
7,2.0,3725,18432,808452.6722298806
1,1.0,5497,25700,1014210.5748280006
4,1.0,4934,66862,836082.6608435002
7,5.0,2375,35196,613157.8571721188
8,5.0,1918,56618,462882.2872539559
3,3.0,4807,92774,1080228.9664266994
6,5.0,3759,69658,741744.531229839
1,4.0,1928,16704,451196.03721653705
7,5.0,4985,95544,964688.391310048
6,4.0,4574,25379,879580.5791440017
1,5.0,5277,64598,1200000.0
5,1.5,5065,52020,979146.4867625523
7,4.5,819,18573,230336.64804861398
5,4.0,3902,32415,779697.1395513408
7,3.5,3466,98102,761377.8573144642
5,3.0,2496,76668,624821.8105756849
8,2.5,5044,61628,939989.9185849994
6,4.0,2902,62287,567782.4611435744
4,2.0,5147,10944,931148.1261965298
7,4.5,4784,15840,945227.3627926955
8,1.5,5566,63114,1075112.5878622087
7,1.0,5855,49442,889612.7041304791
5,1.5,4326,53489,762246.3767968402
1,5.0,2642,55261,584367.5104842437
7,3.0,1122,54278,400029.9464062036
8,4.5,3307,43602,671662.3214185039
5,2.0,3598,30134,708636.8324221395
2,4.0,4521,79720,1053366.7168949493
5,1.5,1509,82714,320288.42847457534
6,4.5,5137,80704,964968.9664947721
4,4.0,4733,42654,1098288.5671995515
2,3.0,2480,80527,508866.2009506988
6,2.5,3879,18146,661209.4164353301
6,1.0,4905,80826,890587.9631026258
6,3.0,3160,67550,697824.4911234141
1,5.0,3672,90380,689481.5685856788
6,2.5,4426,75564,831610.149158712
1,5.0,5676,67531,900445.5909490141
6,1.5,5076,93780,908520.6480911963
3,2.5,3475,17934,594029.7351700817
8,5.0,3506,58049,786443.2727695282
2,2.5,5089,65280,822720.7951391024
3,3.0,5769,95934,1136930.929644243
6,4.5,5091,63404,1037608.0266744852
2,1.0,1144,12127,260836.2128592329
2,1.0,3697,85619,598940.4420002262
7,5.0,4225,72736,990695.70787224
4,5.0,4105,29091,695444.018257354
3,2.5,1684,19933,364953.7770827905
4,1.5,1152,25877,237452.27696399752
2,5.0,1753,44581,395986.35446860845
1,2.5,4538,22519,748395.2844390082
2,3.5,2845,83352,573767.0825415951
4,1.0,2286,18351,470365.38670455065
3,5.0,1293,25648,328591.43594131625
6,3.0,4390,67548,1002810.0557334638
7,2.0,1097,72823,322004.47957336984
7,2.5,2695,54480,563680.5869817185
7,1.0,5891,49017,1051109.2847323853
6,5.0,1212,90977,307022.9331984718
7,4.5,4567,49253,1094466.6885965164
3,2.5,975,84713,208419.8079942423
6,1.5,1405,96967,393481.6506711339
7,5.0,1520,31924,374033.0596378266
6,2.5,5570,44864,1145560.0689913419
4,5.0,4204,22493,799923.9356848942
8,2.0,2043,15337,522031.3550509581
8,4.0,2145,73281,542370.4721360885
3,4.0,1810,26035,421413.4514509747
5,2.5,5701,98854,995718.4699230463
1,1.5,2680,79318,475643.7129483098
7,5.0,5287,89334,923896.5441154854
1,2.5,5910,29884,1200000.0
6,4.5,2748,19074,493047.30109899555
1,1.5,2108,36907,382025.96564813243
3,4.5,1513,97525,326962.3847019852
3,3.0,3380,18624,686237.4846107914
2,4.0,989,83425,272094.10781708703
8,4.0,4649,37256,965654.8049708706
7,5.0,4855,20455,922966.8353754374
2,2.0,5587,21194,977827.8436299413
1,2.5,4225,31622,917204.6777840497
5,2.5,1670,60969,353492.99605624616
2,3.0,5391,83106,1200000.0
2,3.5,5453,31487,1065185.7027149664
3,2.0,3170,10617,605598.4616751301
5,2.5,4337,16285,759126.0357902026
6,2.0,3379,43224,753971.0633940197
1,1.5,938,76036,204730.53583010443
2,5.0,2576,67226,542830.3490047316
5,1.0,4036,38994,759338.264639747
8,1.5,1394,72439,398370.8875746315
7,4.5,2322,61467,583599.9376806503
5,4.0,3819,33014,656110.6003325074
8,1.0,1498,80509,303300.50382199755
1,3.0,5863,80310,1073144.022522971
5,3.5,702,91055,206240.67178195977
8,3.0,3459,75254,745726.0958547372
5,2.5,4788,57117,802580.9110614288
5,1.0,5670,71594,1146022.2726529832
7,4.0,2047,96116,441799.27095862833
8,5.0,4814,98635,1022878.5160458225
8,3.5,2632,60218,540334.4141020193
2,2.0,4632,56390,934162.1913222944
1,2.5,3660,47484,757136.8595830372
7,3.0,2134,52588,547558.1107644221
5,1.0,3447,23302,522352.8451083958
5,3.0,3809,65760,673203.1656381093
2,1.0,5170,13234,856535.2276978486
1,5.0,4063,16494,719580.7311859584
3,4.0,1034,69625,288694.75633092347
7,2.0,1857,24239,393841.6449420646
2,5.0,654,80034,270852.9165428683
1,1.5,1530,80803,337918.41165584215
7,4.0,3399,65323,696740.7493987145
5,5.0,911,22546,368639.95202904823
1,3.5,1556,34479,329550.2759059432
1,3.0,4683,46437,872511.3724211841
6,4.0,5452,63867,970731.0437040523
1,3.5,3112,19657,599728.4631326471
3,3.0,1863,97989,481724.56396978255
1,1.5,3347,27259,483956.9058711734
3,4.5,3382,38645,661015.6576847226
5,4.0,1693,72674,362176.0683624593
3,3.5,3386,87629,782310.0204923515
7,3.0,3415,84270,707618.265210934
5,3.0,4363,79052,826948.4643184395
5,5.0,4635,25032,953932.1961376274
3,1.0,5439,96419,793491.0552206946
8,5.0,2923,50001,774877.2040276059
2,3.5,832,36004,241739.7223409595
4,2.5,2701,23170,577739.7463387683
8,4.0,4952,92494,949101.8586736035
1,5.0,2628,27842,637122.0689525211
6,3.0,2529,36067,553100.717449604
4,3.0,2058,78708,388491.6063125415
1,4.5,2248,61622,451204.3135898275
8,4.0,1007,46195,379896.81572129903
8,4.5,3940,50566,759971.0328647271
1,1.5,2577,17736,446330.22376657074
5,5.0,3013,58258,686971.8032199927
1,2.0,5878,53475,971657.9031247214
6,3.5,5537,54511,1033635.1836100639
8,3.5,5679,14206,1179975.9402453385
1,1.5,2360,29348,443726.2078695111
3,4.0,4197,66057,925839.8821132769
4,5.0,1978,46081,360218.79364063474
3,1.0,1220,72208,287177.6552974875
6,4.5,1529,34854,346343.59180366265
1,1.5,1574,28032,337934.9698854663
7,1.0,5087,64679,1037451.1801388771
6,4.5,5047,39272,862805.9886610467
5,1.5,3453,45109,739963.0107193704
3,3.5,2289,60670,479150.6435301024
3,3.5,5271,60022,1172570.8352940187
2,3.0,5218,15538,1004243.4699382609
1,4.5,1325,54237,340280.97070763353
5,2.0,761,19533,271269.3673357275
7,2.5,1258,69650,331184.5011286383
3,4.0,3497,81013,787640.1176441952
3,4.0,5219,19363,936636.6456637486
5,4.5,4699,87800,1044525.0539950279
6,1.5,3142,56304,666194.3366882554
6,1.5,2178,21819,453958.2275299903
1,2.5,4594,22191,907709.1790610953
8,5.0,1674,16499,376002.3642122822
2,5.0,5980,73001,973390.5549416469
3,2.5,3805,27668,658281.709755326
8,5.0,4644,18762,896728.9930717174
8,2.0,4033,29248,774709.7237668178
2,3.0,1477,54944,336362.6356761891
8,5.0,1691,86869,428119.65742782934
8,3.5,3659,23070,730092.0899265829
6,2.0,5862,47807,1200000.0
6,5.0,2274,98959,619051.4566586887
4,3.5,2208,58033,414976.4295444693
7,2.5,3426,35212,808376.0710124789
1,2.5,1817,14626,334708.205993795
8,4.5,3652,59270,601898.6217601873
4,4.0,913,50767,258751.45035110027
7,1.0,1329,71505,345055.46149885375
4,3.5,4639,12292,726577.2341281893
4,4.5,983,24859,266242.00478868716
1,2.0,2412,40585,491724.27760500717
1,5.0,2924,92343,578914.4877622786
5,1.5,5791,13819,1125160.9507149854
2,3.5,5848,99623,1150066.0313899342
2,1.0,4029,11280,614139.4867275321
5,1.5,3345,73480,704227.6883116475
5,3.0,2464,88777,525595.3302755093
6,1.0,3891,24147,818680.7237223514
7,4.5,5446,95352,1140553.762271436
4,1.0,5678,77165,930771.9449772228
8,5.0,827,18634,293098.32150030445
5,2.0,2664,78550,516082.64552794857
3,1.5,611,20773,169630.05431451963
2,1.0,2122,27881,360464.619635308
5,5.0,1291,71596,404953.5618029273
3,2.5,4305,18280,913211.1708063821
3,1.0,2339,69593,476324.51308899105
3,1.0,2125,35555,434437.1399956238
6,4.0,669,51421,250521.77684668064
6,1.5,2848,95472,543556.3876933464
8,4.0,3723,37332,844402.9334451428
8,4.0,5324,54588,1066865.3259565944
3,5.0,3930,17637,749007.7365780787
7,4.0,1887,96416,489930.4425039412
6,1.0,5601,56158,1093707.020047244
4,4.5,1175,63798,312483.09104076994
3,4.5,2772,62135,538264.1605698453
4,2.5,5554,26155,1008669.8527706432
4,4.5,1344,78596,366147.0970624972
3,2.5,3127,56465,470949.2708671003
2,4.5,3673,58081,753334.931846191
7,3.0,4810,66986,840601.9871877377
3,2.5,5176,65956,763161.1169181549
8,3.5,5676,50278,1200000.0
3,1.5,1624,78486,343194.5792423381
6,1.5,1541,63692,383595.74245402985
3,1.5,5650,57155,1124469.3211389224
2,5.0,1367,99338,327149.70338205266
6,2.0,3038,16063,506413.59474719164
8,2.5,1433,89741,378147.67566852405
1,4.5,2790,54690,575731.1616173075
1,2.5,1227,36507,235331.16568036927
4,4.0,976,17661,304579.04259224277
7,3.0,4486,46189,834240.6693074189
4,5.0,689,23057,214388.66137246598
2,2.5,3455,95776,536708.7190980108
5,2.0,5716,45313,1200000.0
8,1.5,1665,46988,400515.1726522578
7,1.0,1658,22491,374486.3709890193
8,3.5,3659,70159,725473.9825520008
1,1.5,4672,43410,682704.1170116921
4,4.5,3200,88868,619271.919558058
8,3.5,4819,72029,878702.0154997013
1,3.0,2704,95838,467765.09957728925
2,1.5,3453,44354,711244.8376895431
2,4.0,3255,94329,757726.7136570831
5,1.5,2115,16504,472962.4267211495
8,3.0,3617,39811,684536.9353056148
5,1.5,4747,59206,936348.5258189128
6,1.5,2173,27225,372858.47005547717
7,4.0,3136,29290,807335.5254488562
8,5.0,4526,85660,1062351.8515376593
2,3.0,2652,12272,450012.81931103306
4,4.0,4396,16141,774732.9961538439
1,2.5,1231,74980,294872.61072106595
3,1.5,2461,67167,500757.89066424384
5,2.0,4552,34678,781224.5389755461
3,1.5,1832,84697,449807.6385204037
8,3.0,2864,11071,547619.0365318019
4,3.5,2647,27120,550099.0172406839
5,4.0,1135,34133,233480.61215595814
3,2.0,4133,13630,803319.1298057513
7,2.5,5425,75763,984037.7589547659
4,4.5,3697,89544,893548.4636255567
1,2.5,1875,64863,357941.0037075879
7,4.0,3673,65308,702502.5363549504
4,3.5,1625,29954,409443.47022950766
6,4.0,2651,90211,521388.35871174396
5,1.0,4221,72787,651663.6111839021
2,2.0,5163,11619,914727.9613066122
1,3.5,800,88421,192098.36384876564
8,2.0,5003,77740,913185.4796235983
7,4.0,3923,87230,972006.5652531113
7,5.0,3958,50342,890361.6246618762
3,2.0,5617,19373,1108686.6910597384
5,1.0,3571,21448,761671.0334053375
8,3.5,5578,59949,1021237.739333315
2,1.0,1185,41210,269151.2400293508
4,1.0,3945,35410,888778.8790301878
2,4.5,4454,75047,844423.5480232233
5,5.0,5204,39028,1200000.0
5,1.5,4024,78300,848067.6795645406
6,5.0,4700,53369,976792.022305525
6,3.0,959,74735,218304.19703954435
2,4.5,4269,21467,845676.5352836791
4,4.0,4909,18199,1186237.603347814
2,4.0,4077,37095,725779.3978061173
5,2.5,5258,49007,934896.1960403528
5,1.5,3412,57711,634276.0094853704
3,3.0,644,23617,167029.11953433746
6,2.0,3350,38304,637691.286054017
8,5.0,1233,78865,457842.2309607155
8,3.5,1810,65221,385034.569153616
8,1.0,2349,87099,544219.4677463389
3,2.0,3841,81120,598772.8553600135
1,2.5,3368,84341,689305.8203491576
8,5.0,1193,84625,324153.7857027373
5,3.5,2024,23639,478900.21054898045
3,2.5,2526,34685,446236.4512485178
2,1.0,1456,75416,317237.5451126587
6,4.5,1151,70356,327548.02543021186
6,1.5,4738,21110,891787.6516897896
4,4.5,3488,62762,717067.1523866123
2,3.5,4874,31128,755492.7591657953
4,4.5,2080,24684,363524.59436821926
3,3.5,1206,61155,258273.8026388421
7,3.0,1271,34419,338836.1896133842
8,3.0,3915,11527,767652.5687478889
1,4.5,5622,25220,1200000.0
2,4.0,616,33702,172242.52248823844
2,4.5,5831,37757,1148658.3691223112
2,4.5,3473,56664,763766.3035611168
4,4.0,3194,88621,609874.1314355984
3,1.5,5749,25205,955655.64919122
2,5.0,5911,70207,1171770.1934286738
7,4.0,3084,30994,572834.5083614266
2,3.5,1215,96170,298530.9728488185
6,5.0,3805,40569,905646.7007710596
8,1.0,3449,16626,745853.8032268399
1,1.5,5007,13964,970024.6735381366
8,1.0,4407,57377,770418.9179378318
6,2.0,2672,28058,522827.8110164013
6,3.0,1124,45160,311874.353005947
1,1.0,3773,26262,667409.4608361946
7,2.5,2073,20884,569295.005428872
3,4.5,3025,14433,543532.256072642
6,3.5,5583,93747,1092337.904430997
3,1.0,3874,86227,757644.8024054631
6,1.0,3938,41063,799594.3024328146
5,2.0,2607,43484,600783.8743034578
1,4.5,5157,96780,988900.1064271342
6,4.5,3012,46536,617725.9135913319
5,2.0,2751,40084,573146.9908337177
8,4.0,3782,34802,815784.2918964513
4,2.0,1027,67012,229822.10094177225
5,2.5,5164,30614,1160799.400052061
2,5.0,1614,80569,336604.09656185156
6,2.5,2204,79922,523769.2399425968
5,2.0,1469,87686,325907.1563889805
3,3.0,3327,18157,646755.4873594578
4,4.0,3452,58742,733593.8730128433
7,3.0,1485,17675,432843.1517866748
6,2.5,3208,36228,586343.1830148848
2,4.5,1873,28251,363111.2410461031
7,2.5,5026,33349,991712.9264374161
5,1.5,2555,59178,506427.9421305387
7,3.5,1186,91362,347138.59419449425
7,1.5,800,84660,232795.33310624372
4,2.0,5149,16588,1000276.6679458845
8,1.0,4217,97687,884868.831047516
7,3.0,1425,73196,451730.13142255484
7,5.0,710,42400,237780.91444051173
6,1.5,3511,23536,774268.5339298161
8,4.0,4499,12700,1190728.033551876
4,3.0,1507,84345,368828.84488254593
2,1.5,5928,25115,1200000.0
5,4.5,4315,62929,834945.7907814956
4,3.5,4289,55513,760017.7233326939
4,2.5,1154,94607,333945.511780931
1,2.5,2503,48100,411172.687252123
4,1.5,706,98726,177804.01681445068
8,2.0,3936,31440,710874.4685411664
1,4.0,3134,42947,541276.974136755
5,2.0,2826,83532,561821.3336650716
7,3.0,3893,90398,713650.7907130902
6,3.5,1993,69413,536585.4958022252
6,3.5,3284,33104,547108.0317808447
5,2.5,3435,92841,642909.3313966569
5,3.5,766,45860,257679.05559757465
8,2.0,3310,72184,620221.6391082723
3,4.0,4224,81063,709499.1771656699
7,4.0,2947,23727,520744.6193612652
5,2.5,2004,99385,378952.6290757371
4,1.5,2125,12719,392940.78191204945
8,4.0,5009,22924,1032805.2449024766
6,2.0,5511,19215,1090776.7981804998
2,1.0,5438,70494,924810.4765801964
8,1.5,3374,58009,737180.8469247117
6,5.0,1425,95545,444846.66052191396
1,4.5,1724,41912,374158.82704453735
8,3.5,1168,11144,288459.20474090596
6,3.5,5934,47302,1200000.0
3,1.0,2558,90171,440311.4870286867
8,1.5,4339,63720,672576.0905912595
8,2.5,2709,76542,563795.4962771791
7,2.0,5064,87026,1049625.2530112183
5,1.0,4789,37044,870498.9928371735
7,4.5,4694,82635,790745.7380874744
8,4.0,3530,99036,935666.1981648935
5,2.5,1363,10537,290045.84494911827
6,5.0,3960,86552,849025.52474749
2,2.5,4050,45453,648457.8832374251
2,1.0,2747,11980,621091.8928439701
8,1.0,3995,81442,712408.8333850394
3,1.0,5024,43307,1091489.1869924013
1,1.0,4319,98966,915749.3421349324
6,2.5,5401,54844,1068751.6429615247
5,1.0,820,38629,267154.24598567723
8,1.5,2461,37775,444044.58533650474
6,2.5,3214,50029,597202.1040112925
8,4.0,5691,71860,1088101.5759785874
3,1.5,1621,74783,414765.92792334117
4,4.5,709,51988,239364.39657119784
4,4.0,4844,65452,1061036.6037325044
3,5.0,4448,10051,981290.9545476912
5,3.5,1298,34818,365345.88094805944
7,2.5,707,11686,301845.40205767733
3,3.5,988,29205,274691.1249625614
8,2.5,1024,98483,257928.3863560755
5,4.0,3094,18096,543827.560416248
2,5.0,3565,84152,698842.9167423892
3,2.0,5787,53087,884590.4103560357
5,2.0,3303,18545,680888.0601558883
3,1.5,2599,18484,405331.39849833754
3,1.0,4175,76252,632801.3073467038
7,1.0,2127,33667,444807.3736013774
7,2.0,4653,80111,902069.3277595768
8,4.0,2626,96492,554265.7560137413
5,5.0,2968,86206,668713.6657021621
5,1.5,3366,25637,665375.9133350388
1,4.0,2455,91882,483278.7900075259
3,1.0,1046,50747,205935.16982852542
4,1.5,2197,69749,399529.24147644726
3,3.5,809,19491,216255.98430494615
3,3.0,1448,63100,319943.03023182147
5,4.5,2251,22631,520306.61781408987
3,1.5,2516,97470,591685.4139915761
6,1.0,4129,37182,614318.3746418877
3,4.0,2518,18903,456211.1402712917
6,3.5,1176,67782,224442.50205589194
7,4.5,1288,87261,413876.95453979133
4,4.5,1389,87606,386829.97924890043
8,1.5,5687,46109,1030303.7865676604
5,4.5,5672,91604,1022128.6426497828
3,3.5,1955,81086,456746.74119906186
6,5.0,2287,70436,528952.1512806996
6,4.0,949,28167,249101.23349122156
7,1.5,3317,35443,613630.7822223022
6,4.5,4139,90224,824442.9130071246
8,5.0,5121,60640,1169896.9923207294
2,4.0,5022,39548,941388.2032609513
1,2.5,1729,87649,316222.7003673923
8,5.0,4950,72358,1055155.113152648
4,2.5,5139,97825,989431.2818073235
8,2.5,4808,28160,906979.2630402949
7,5.0,5749,56205,1172002.674695139
7,4.5,5384,72280,1200000.0
8,2.5,1590,94845,383791.41984938656
3,4.5,2473,46852,475306.27470383816
2,4.5,4741,55021,1088653.0394694046
3,4.0,5890,16195,1200000.0
3,3.5,5452,76547,1183741.9435526961
8,4.5,1976,34286,433494.3892211937
5,4.0,1826,43581,413680.6627178207
5,3.0,5945,87674,1200000.0
5,2.5,1163,36719,237764.6266957725
2,1.5,3487,58450,626584.7701199215
3,4.5,1940,30028,346053.6354452885
1,5.0,4337,26192,1046974.3885064812
4,2.5,2037,93636,549117.3627185991
5,2.5,694,81812,207419.69912524603
5,3.0,3896,37551,707672.1415888754
7,1.5,1548,82364,356126.5614119256
3,4.0,5248,74311,1016088.6479771599
3,3.0,3292,71444,810981.6155603873
2,3.5,4761,43124,1092866.8051271047
2,2.5,3881,23654,654796.6424537507
5,4.5,2097,10203,453839.91686888575
3,4.5,5360,30129,1180759.411099663
1,3.0,3331,82150,705413.5317047092
4,3.5,3343,43264,619620.5728639748
8,2.0,4875,22989,887541.3427425997
3,1.0,3481,59214,726692.1134756857
7,5.0,801,77115,282898.54210490076
8,5.0,2098,71678,617815.8861794855
3,2.0,3686,67883,671149.6536962526
6,2.5,3713,63445,743899.8294701243
2,4.0,3190,80412,640492.7447375305
7,1.5,2548,79661,436278.68060530146
4,2.0,4204,15328,741432.137468735
5,3.5,4563,58968,905528.4269596429
7,4.5,1293,52040,394277.6863543903
3,1.0,2319,69199,446338.8744036017
5,2.5,5963,67039,1200000.0
3,1.0,4533,87232,661124.5528058303
5,1.5,4332,60750,860314.3311720559
4,4.5,3259,26119,633610.3130379362
2,3.5,2321,34017,461678.5325533161
4,5.0,5893,58780,1200000.0
6,1.5,4651,36204,850854.502996591
1,2.0,2891,29562,482495.4027947367
2,5.0,4799,34428,1074512.396064973
4,5.0,3298,31497,753731.9787262283
6,3.5,3974,13372,838215.8533660057
1,2.0,1610,98683,387935.4502121624
6,3.0,1641,27453,427053.08715039364
3,1.5,2157,61928,442754.4634712836
8,4.0,1807,43960,496156.6812538508
3,4.5,2280,27197,456913.10517436976
5,3.5,4221,64984,831454.7346980403
2,4.5,3952,11883,737807.6124247072
3,1.5,2278,26651,357616.7169729046
7,2.0,4196,95591,889197.5907621261
6,4.0,3345,12812,784542.6560653723
2,1.0,4145,16562,777679.1086735276
8,4.0,3593,82549,716020.7014571769
7,3.5,1380,80713,337296.54924481316
3,4.5,1545,30469,328609.88478590443
5,4.0,4028,59535,897776.733356837
4,2.5,3698,71300,747498.3035317719
5,2.0,1147,98641,280961.55051248753
7,2.0,2807,99003,541127.347162488
1,2.5,3584,92969,666808.4553965131
3,5.0,3190,28217,798541.8390488258
7,5.0,2774,18989,640761.9429071558
1,1.5,2397,47235,337072.577522142
1,3.0,2480,94895,613142.5767488257
6,1.0,3656,80691,818974.0994544659
2,2.5,5643,66850,1200000.0
6,1.5,2857,60442,710809.9532687273
3,4.5,2797,83497,590122.3574096032
1,2.5,630,33983,162914.48422649884
8,3.0,1211,17186,342231.69649076
7,2.5,4997,17506,904063.0719238897
4,3.0,3610,51026,786647.4729858672
1,3.0,3512,56070,844663.3617606839
7,3.0,4402,58951,959726.5988837328
8,2.0,3412,17791,752890.5014218581
4,4.0,1282,71335,310466.099850786
6,2.0,856,82306,225617.0265130672
6,1.5,1539,19893,278204.79100672604
2,2.0,3494,35154,567055.6453342681
7,2.0,3785,99854,615123.8384051484
1,4.5,1376,60757,399266.1983408638
5,2.5,3332,71387,743954.9542030051
6,2.0,1331,50755,288044.44914492546
6,3.0,5924,23514,1200000.0
2,2.5,2642,41358,555089.0215170963
4,5.0,1569,97974,374285.75848687417
2,4.5,702,33631,236660.9993098918
8,4.0,1683,15807,399491.34006765846
1,4.5,5805,81792,921631.4973145482
7,3.0,5462,90692,1156414.8232096168
3,2.5,3670,21908,643386.7809715614
3,4.0,4348,34435,897578.1198591981
7,1.0,971,79820,249440.72977712427
4,3.5,1278,71716,306344.83516354
8,4.5,801,40432,361342.45290000294
6,4.0,688,89974,223607.1087712874
4,1.5,2596,50510,501107.52292299067
6,4.0,5094,24227,953716.743028313
6,3.5,787,89801,191906.68626821766
3,3.0,5771,94724,902993.9139058228
4,2.5,5347,28604,1097621.7676268124
8,1.0,2154,92641,506686.5947125621
2,1.5,5282,35790,857918.8606087746
6,4.0,829,98894,314882.64608120464
5,2.0,4152,40944,794145.7422219833
5,3.0,5849,32187,1200000.0
2,4.5,654,62546,192257.84763396185
5,4.5,4966,14025,840943.9988886908
1,3.5,4631,34512,893058.1243541676
6,3.0,1723,25907,433649.53684595006
2,1.5,3740,90005,769857.7378607925
4,5.0,3970,47924,782893.2168768425
6,1.0,5665,57196,1033675.9361424514
2,1.5,2152,24410,451279.75455369864
3,1.0,5871,53763,1107125.4572433785
8,2.5,715,69574,204293.41126778975
4,2.5,4213,18650,662276.1577412729
8,3.0,5018,58826,1076128.812338971
3,3.0,3210,36277,617490.399635401
6,4.5,959,67970,307695.6088761836
4,2.0,627,12456,210509.20127403497
8,3.5,4437,26590,806856.3331636515
5,2.0,4133,37892,723643.8338016031
8,1.5,5950,27740,1168468.9853509334
2,4.5,2018,55728,479084.10867106466
6,1.0,4639,21788,986753.2043365028
1,5.0,3516,99381,735502.2009285575
8,4.0,1894,82692,560461.6566601107
4,2.5,4229,18151,889623.4905831707
4,2.0,2675,36515,549590.0254238966
7,3.5,5439,20987,1011161.9684016235
8,5.0,4277,88096,876320.2894743651
6,5.0,3753,65674,899130.103873587
6,2.5,5807,78209,1200000.0
3,3.0,2378,57767,477992.142898558
7,5.0,5275,82359,1186527.9714384815
8,1.5,4494,49644,1102526.8187399425
5,1.5,3098,48741,549685.6888683966
3,3.0,5128,75121,1019817.0306462405
7,1.0,973,83818,251009.32931448074
8,4.5,5906,51435,1103787.8721357943
8,3.0,2865,18056,533362.483855492
3,1.5,1731,97227,354222.3023003693
5,5.0,2442,62418,646596.9300017692
7,1.5,2173,96549,613183.2896020705
8,4.0,5643,45513,1005001.4013409325
8,4.5,5044,98943,1141101.5620366817
7,3.5,1387,34660,342139.94955882314
1,4.0,2145,12639,385981.76788021077
3,1.0,4721,96856,814537.7324746532
3,2.5,5767,75612,1138144.2378501564
4,4.0,5554,82009,1200000.0
5,1.0,969,20622,209121.58466604474
2,1.0,5906,28808,1153936.6677276143
1,3.5,5579,65636,1019833.6164491284
7,2.5,4974,80832,972492.9732309032
7,2.0,2302,32951,389330.17528255587
7,3.0,2257,98006,483620.0205886276
1,5.0,2528,75941,445187.9169823288
8,2.0,4655,55076,991161.6592582677
7,3.0,1206,25345,351736.1918754933
7,3.0,5744,10397,1111596.3597739246
5,5.0,3176,24665,733187.077115999
6,2.5,4724,24560,853059.9431773082
6,1.0,5651,36376,1024695.7712375914
4,3.0,922,29857,280460.03732161154
4,1.0,2476,74268,431829.30248399253
7,3.5,1183,30310,367998.1798032903
5,4.0,5989,28328,1200000.0
7,1.0,3409,51397,807030.251273743
4,2.5,1255,48159,355167.8591485706
1,5.0,5481,60762,1200000.0
1,1.0,822,83366,133868.56725109922
8,5.0,2722,69304,528126.7226117483
2,4.5,2820,58998,638837.2201301429
6,3.0,5723,74853,1118662.0549904755
5,3.5,4150,29048,828307.7329781067
3,4.0,3042,60217,692698.5807850137
6,2.5,5528,56255,1159990.7469335226
3,3.5,5699,97284,916134.6779719245
2,4.0,4585,68620,858932.375895226
2,3.5,766,80929,196591.61993950605
7,3.5,2616,33885,492436.2327808041
4,1.5,717,76139,209023.59485616544
2,3.0,2409,81831,468574.2775986514
2,2.0,2806,51148,548893.5391726115
3,4.0,1850,17103,361768.90458707116
4,2.5,4606,35251,848213.4259246285
2,1.0,3709,24546,647632.7501516072
6,3.5,5158,25456,928098.202682154
8,3.5,2271,28228,435050.05383059743
2,4.0,2751,90210,755863.4676955836
8,4.5,5677,10046,1200000.0
4,2.0,2897,76355,492480.2786433449
7,3.5,1636,46575,325332.73890234006
5,1.5,3214,94942,639125.5964239457
4,5.0,2479,11080,429002.1005793047
3,1.5,1196,78682,303731.0944414126
5,2.0,1220,87462,360661.8773056157
6,1.5,670,25930,255716.17317380244
1,5.0,5651,90823,1179999.6088739277
8,1.0,2403,49509,574514.323522394
8,3.0,5133,78422,936735.9068504648
8,1.0,1667,88880,445989.00659767323
4,3.0,2525,97554,525328.9944803916
8,4.5,1637,51755,491206.4685759274
7,4.5,4042,62480,778343.2550292667
8,4.5,3783,17293,677126.646836159
3,1.5,2002,78542,339976.53274842486
6,4.5,2961,70528,583562.0912211908
8,3.0,2038,34356,420123.9303569744
8,1.0,4411,46911,767876.579762061
5,4.0,1084,24699,320839.39440560824
6,3.5,4864,38434,980727.1543105402
8,3.0,5498,64669,897047.3546071022
4,1.0,845,27602,222193.49682785242
2,1.0,5544,50786,824003.3524923123
7,3.5,3971,19952,834363.8317148511
4,4.0,1950,51684,538526.3607696448
1,1.0,1129,40489,242013.91566464264
4,5.0,5542,42905,985603.215083596
5,2.5,4414,63602,827018.2497391369
5,3.0,2388,56924,533604.9440607273
8,1.5,2302,23381,507155.3377203243
4,4.5,4225,89429,979396.397098397
5,1.5,3920,38130,731516.3140219655
2,2.0,1359,40415,327876.84111985844
6,5.0,2003,59128,464522.2397590106
4,1.5,1397,94679,319468.74322711985
7,3.5,1131,10388,368769.6175248908
2,2.5,2517,87652,572354.770217095
8,4.0,5559,29806,1170381.6505413358
6,3.5,4737,74333,1102220.6398799738
7,5.0,4016,14852,862462.7221005834
8,5.0,1198,18627,389965.2280606653
7,2.5,905,68817,294721.312655611
8,1.0,5504,39048,1123994.2670212812
7,1.5,3509,86596,719620.790043441
6,4.5,5959,68117,939389.1831829996
2,4.5,1278,18209,343703.1528135661
7,1.5,3984,63482,852033.8140043857
7,2.5,1330,48197,316572.2625994509
3,1.0,2625,87694,621823.178090093
4,4.0,5628,28076,1145785.8762650606
6,2.5,5598,79912,1034361.5499726423
8,4.5,4828,95187,1131956.943003475
6,5.0,3366,68482,731024.5808966908
5,5.0,2698,99484,706853.69149274
8,2.0,991,28079,276764.3879390585
6,3.0,3343,23978,756126.0087936391
2,3.5,4384,60738,923027.4047328038
8,3.5,4437,22705,1166295.327259911
8,4.5,5203,36907,1068812.655952175
6,3.5,2285,63832,507486.53976791265
8,3.5,3514,97367,700034.8769857411
3,2.5,2018,64612,485723.1434869818
4,4.0,5651,83501,1200000.0
8,4.5,4791,20248,984818.4997909184
4,2.0,4801,56988,1038756.4617690623
6,4.0,4690,99169,965543.1590133089
7,2.0,4326,17461,807924.3917557125
1,4.5,5373,36998,1116587.8119950094
1,1.0,4229,22821,978393.8113137251
7,1.0,3913,29870,854381.7361349755
7,3.5,5551,23410,1048341.2777922604
7,5.0,5485,97721,877469.9632951224
2,2.5,5210,29133,1000276.8736140182
1,3.5,1684,99705,392540.2462533073
7,3.0,1607,33359,402457.81287262746
2,1.0,1917,71385,444040.6447880699
5,3.5,2949,37400,499356.2509861689
8,5.0,3293,44173,760510.6340255109
2,2.0,2878,21179,646700.0197162501
1,2.0,4322,71886,634224.6810332783
6,1.5,4293,45495,794273.7644882343
5,2.5,4992,16487,1030922.0229546166
1,2.0,5150,24760,1107183.3955144237
8,1.5,5637,81827,1200000.0
2,1.0,4935,39403,1030284.2370493832
3,2.0,3847,78037,658959.677643599
4,3.5,3734,11755,666765.5124620427
8,5.0,3198,46158,628898.8129805038
1,3.0,2785,81352,483487.2129775791
7,2.0,4652,93136,870542.473463883
2,3.0,5149,42616,820792.8288097141
7,3.0,4424,77426,764316.9004310383
7,3.0,4120,86759,738275.8691788206
7,4.0,1849,34966,419460.5338385202
7,3.0,2674,17688,472978.5416990816
7,4.0,3104,49484,608280.300986397
5,5.0,5390,69855,1093465.4018835947
1,3.0,5405,37553,1153181.5413686184
8,1.5,2614,79282,646382.0963509367
1,3.0,5544,67442,943260.4754738741
8,4.5,1548,28579,421565.9736007443
4,2.5,706,23014,160506.44877117366
2,1.5,3091,58443,612161.8179963476
3,2.0,5292,51961,860401.4601601439
5,5.0,754,66501,318696.56903213734
2,5.0,3840,68914,617224.2655859897
5,4.5,1395,46397,392057.39469579177
8,4.5,4967,83302,1200000.0
1,4.5,2170,81683,458017.73084265087
7,4.5,5903,57178,1143786.3277014415
4,4.5,2234,11063,543926.0041531816
4,1.0,5956,84366,1200000.0
6,3.5,2538,19334,546818.3511356545
3,5.0,2132,85848,567092.1195982142
4,4.5,3628,35127,755734.7407233528
7,2.0,4817,46043,767673.0359354944
1,1.0,2040,76512,322234.30487554555
3,1.5,1998,87275,394611.4149340066
8,1.5,4246,14069,688588.2877452933
2,4.0,3997,25604,723775.0506809409
8,3.5,4845,24612,827175.5531454437
7,1.5,5402,59102,1100780.200115412
7,4.5,3642,49170,751825.0339834631
4,5.0,2215,55101,492274.3581192028
3,4.0,2113,75881,485184.3482830081
1,2.5,3198,47710,642290.8922070906
8,1.0,1444,94862,406033.7392751249
6,2.5,4019,19363,851095.0932778093
8,2.5,4130,13770,732165.0875729678
5,4.5,2927,54121,575484.3332175745
5,2.5,3640,83960,670310.2172735813
1,2.5,2576,21990,599570.1227874277
1,1.5,2435,83584,505667.6342885847
5,4.0,5499,54659,911451.2276339051
6,2.5,954,42137,230993.95905822143
3,3.5,2205,25573,451979.66688180884
5,2.0,5073,26834,846272.1411931744
1,4.0,3795,19554,691911.7443965608
4,3.5,2727,86653,561963.7447894091
2,2.0,1587,96598,355145.24842805904
6,2.5,4928,92164,846429.2401812366
7,3.0,753,63797,272930.26046507084
6,5.0,1506,23015,414791.21742433845
4,3.5,4363,14734,1026426.6154879436
4,2.5,2220,69617,542479.8531169543
7,4.0,4228,90698,948948.0078922614
8,1.5,4174,59592,826529.3499928985
1,2.5,5018,85195,865798.1359372123
5,3.0,931,92331,198046.14901025168
8,2.5,4938,43581,971321.3778041018
3,2.5,1029,38917,185916.42383564275
6,5.0,5901,93650,1027000.4989954273
7,1.5,3023,16643,549799.6195773256
6,3.5,680,23269,234615.9811006683
8,4.5,2173,28358,507613.1691461783
4,4.5,1019,93857,273980.9360485632
5,4.0,1066,10203,275358.22473950055
6,2.5,5776,71758,1104196.5563084458
3,4.0,3993,91254,763401.3017639329
4,3.5,2165,66235,438220.9662135745
3,3.5,2118,45304,463685.06913362595
5,1.5,4630,32172,922243.328895964
6,4.5,2635,83834,585623.4310961344
2,4.5,1403,95731,311800.97080203955
8,4.0,1677,54857,490416.4262339856
6,5.0,2232,20411,611312.4661756171
8,4.5,2584,17825,602622.5564583812
5,5.0,603,48742,257890.71066896105
6,5.0,1202,79626,343849.15625041886
8,3.5,2967,68301,776214.8638290995
7,1.5,4275,33340,829616.5760001487
8,4.0,1100,37151,316614.0739478303
6,2.0,784,53327,263954.43601850385
1,4.0,4109,19252,885159.5015158188
6,5.0,3851,45314,779671.7670044532
6,1.5,3747,79272,652836.8193031207
8,3.5,3540,57368,739474.8254821083
3,3.5,1895,71110,387173.01203843433
2,5.0,654,11672,189847.45225997822
3,5.0,2324,75937,547484.7984288393
8,3.0,3510,25322,657785.2226640778
3,3.0,2470,21191,447685.23163295275
4,5.0,4772,47081,1023424.4885887731
1,4.5,2943,24665,567372.5667415515
3,4.0,3890,71625,922541.7164286454
7,4.5,3948,65504,809240.2765257107
5,3.5,2201,54594,431780.6882435528
7,2.0,3393,67631,617693.4881556835
5,4.0,3937,59239,639884.5588024233
6,4.5,2690,66298,569533.5695330759
4,4.5,1851,12967,452471.72436984745
1,1.0,5782,47018,1122711.3905506094
7,4.0,770,62686,344432.60545875056
1,2.0,3409,34795,602774.0112212773
7,1.5,2954,68826,522986.9788739949
6,1.5,2373,78774,477694.8050968734
5,4.5,4354,18513,813538.4996499364
2,5.0,4591,78274,869933.373498399
4,2.0,2681,80472,558164.44524035
7,2.0,1426,44604,400672.32218563254
7,3.5,2265,77104,554126.3277115127
6,1.0,729,75229,242829.07625486763
4,3.5,2017,56815,409128.1426005171
5,2.0,5870,14720,1200000.0
5,2.5,4387,50725,940021.1128685151
7,5.0,2007,53923,539127.1992643301
2,2.0,5736,84080,1141199.3245709653
2,1.0,1193,49293,272146.58958330296
1,2.0,1637,91619,268661.28842817666
4,4.0,2728,83471,631098.1519580442
4,4.0,3878,40029,789461.2425406227
5,3.0,4899,71914,884129.1746625471
1,1.0,622,36585,125137.17034044662
6,4.5,2233,68271,415593.3958975256
4,4.5,4601,67373,951361.659955052
1,1.5,4799,33898,766195.1867091807
1,2.0,2005,33449,484265.3746894052
7,2.5,2078,16737,568672.5577184617
5,1.0,1794,45308,346210.54229764873
1,2.5,1175,75494,281070.8454318466
8,3.0,2206,95739,514593.7115219856
2,2.0,4969,67175,767992.7370805335
8,1.5,1051,39059,271089.5848766503
2,3.5,724,35448,188188.31738709344
3,4.5,4054,92754,798007.7062332339
5,4.0,2964,29708,655949.4870904173
7,1.0,2466,92549,466010.8078975248
6,2.5,2283,12986,493189.89074117143
8,2.0,1506,99853,297060.34333913226
8,3.5,4134,62934,970017.1019596325
3,5.0,1029,16485,259379.4367921666
2,5.0,3351,99064,766623.7525507029
7,4.0,4425,21772,882707.0065817621
3,5.0,961,85688,231674.92963755055
5,4.5,5491,22531,1192402.6501345274
7,3.0,1031,67564,292650.0640815995
5,5.0,3322,48635,917496.6769487581
1,4.0,5554,35919,978141.2158334927
4,3.0,3661,32900,649356.9918868974
1,4.5,3823,47394,767414.6187688923
5,4.0,2230,45030,559647.7928865097
8,5.0,5271,77950,1101443.3714667363
7,1.0,5784,85889,1103843.119380075
2,5.0,5588,25559,1098432.8544272678
6,4.0,869,87848,241054.22469990465
2,1.0,1723,37557,302755.28679794155
7,1.0,3776,48008,780401.7400137458
1,3.0,3992,24053,914298.1026943249
6,4.5,5133,51817,828440.5517972896
7,5.0,1642,14993,367343.6841713174
5,3.5,2241,94412,538784.5335097264
8,4.5,3041,58381,623786.7650567822
2,3.5,3897,83747,775945.7285779332
5,3.5,1983,23515,491938.4399789419
6,2.5,4596,26335,951680.4288208118
6,3.0,614,68724,263578.13988975354
2,1.5,2274,12175,480235.92393820564
5,2.0,5699,12405,1147287.6106223231
3,2.0,4217,62515,803912.3462736461
5,3.0,2080,17341,458313.6634004712
6,3.0,2345,34284,415425.00336420035
5,3.5,3646,38002,740460.2020376017
8,3.0,4810,70452,1095580.2694243942
7,3.5,1575,68677,334918.7997204125
1,4.5,2285,91499,492073.3827736375
8,1.5,2683,93525,627329.5236759711
3,2.5,2889,72547,654551.2082494742
4,3.5,2286,28941,542356.9261927553
7,3.0,4758,35019,932126.8449677494
1,1.0,1108,25779,244191.735406818
4,5.0,787,28426,272903.6941090441
2,2.0,3382,72668,767185.2288886822
4,1.5,4788,40183,919005.046612123
7,5.0,4700,76314,941494.7428418644
5,4.0,4109,45927,988437.5255519063
7,3.0,4117,16395,794470.2379568606
8,3.5,2672,15974,728211.95050891
4,2.5,697,15150,215375.9653210909
6,1.0,1891,87668,404985.46177283453
1,2.5,4064,59572,693634.0286914789
1,5.0,2387,52811,404850.99728648
4,1.0,1283,94028,267217.91143611626
1,2.0,1732,64497,402866.6387365035
6,3.0,4722,32466,749870.6299611646
7,4.0,3804,19550,693865.89833527
1,5.0,3723,63062,919255.4092049056
4,3.5,4436,45394,949602.4130644969
3,2.0,5476,70031,1086610.4407866786
3,4.0,2214,71550,505174.6479810288
2,2.5,1641,19487,276688.87557839166
8,2.0,3465,65084,671948.7758459926
1,4.0,1454,85809,379947.9910464732
8,4.0,2626,40931,519080.31698522536
7,2.5,2587,95291,520978.9397721011
4,4.0,5965,89220,1120626.5418954783
1,1.5,3150,21366,608626.3564866809
5,1.0,5808,41863,1089654.3552700595
6,1.5,839,38329,203160.75668892352
1,2.5,1089,73818,246202.30208666818
1,4.5,4451,65123,866578.2528018926
8,2.0,1636,51371,339344.21121280675
8,3.5,1938,68766,470482.29128986155
3,3.5,5380,70325,1091809.9702749203
6,5.0,3869,50241,946440.3769959401
4,5.0,3154,11676,708098.9761590909
1,2.5,4100,15282,678320.3970515458
3,5.0,4462,36222,872824.2473673046
8,3.5,2367,71303,535375.4700321881
2,1.5,5308,23376,1113133.079474808
6,3.5,761,75129,219159.09631637353
3,1.5,1255,19431,252821.25225787444
3,4.5,3606,43370,717318.1597027039
7,2.5,5316,11937,1079165.673951779
3,3.0,4106,34601,776236.0465964545
7,4.5,1856,11067,400501.2222087481
1,4.5,2758,88937,477548.915268918
1,3.5,2551,23472,535351.4181503956
8,2.5,5951,65015,1200000.0
2,1.0,1349,43147,265211.93592439004
5,4.0,1308,64654,336759.4946562474
5,4.5,2221,71808,531098.7241805402
5,5.0,4736,62334,1033836.5354796369
8,1.5,5255,95667,1068790.7879312453
7,1.0,1065,15196,267823.4205225739
8,2.5,4595,69600,1032645.5526185776
6,3.0,1700,97052,317721.51996301993
6,1.0,2313,97960,474034.7497227544
2,3.0,5185,89417,768968.4724888577
6,3.5,716,40593,215263.92125602736
5,2.0,3081,75059,651668.4328366145
5,4.0,795,80795,229017.54517638718
8,3.5,5314,54401,947006.5820378643
3,2.5,2074,41593,535127.127236308
6,2.0,3072,20461,739468.9692442855
8,3.0,4729,45690,801624.8321562635
1,2.0,3654,78923,814399.8637837403
1,5.0,1874,31826,414264.1071197924
3,5.0,4309,24553,759340.6534515759
3,3.5,938,63165,195818.64150145493
3,3.5,4111,67454,724716.1429792839
8,2.5,4875,16959,1003633.8523910132
1,2.5,5317,52715,1070967.6609658627
5,1.5,3899,39379,788819.9855193424
3,2.5,2256,32674,548092.1949431676
2,4.5,1242,19559,355978.46017554996
7,1.5,2280,42252,472950.6733756482
8,5.0,1950,36104,377194.0300317809
3,1.0,5873,10551,1025946.0349445308
7,1.5,1218,75669,272307.53087922523
4,1.5,1769,16607,390216.46484444063
3,3.5,851,86639,187045.9920999772
1,4.0,901,52973,240169.44828149985
6,2.0,3741,39858,897072.9124463046
3,5.0,2166,49367,538645.74824644
8,3.0,3764,88908,937772.5856431262
6,3.0,4557,69851,1047848.9785800065
4,2.5,2810,66536,528781.5989862815
2,5.0,3752,89584,817122.681549235
6,4.5,4259,28570,779948.5175822881
7,2.5,1211,94585,328661.06211910245
5,2.5,5767,45938,1200000.0
3,1.5,2543,86455,547377.898416231
4,5.0,673,61798,162790.32275741975
4,2.0,3473,69718,777961.1987693233
6,2.5,5237,64969,1047735.1321692885
2,4.0,756,91839,215969.08329218897
1,4.5,4158,93084,908872.8361081827
3,4.5,5985,92537,1182797.988073131
4,2.5,855,55820,222524.06054142615
2,4.0,3710,43218,629167.5055445444
5,1.0,1651,19990,373582.5832990169
4,3.5,5632,22778,1156275.1193279065
2,3.5,3017,50140,584319.2719361986
8,3.5,2856,97448,568055.2270668957
1,1.5,3234,61606,533333.2530788336
1,4.5,3496,79344,727898.7314985262
4,3.0,2491,85012,566763.681036579
7,3.0,4283,69871,846302.8063034577
4,1.5,5011,92142,947554.5754250744
6,2.5,4064,38940,753631.6107610003
3,5.0,3091,98873,538533.8832682725
2,5.0,4339,98956,957086.5945341595
4,3.5,2375,39590,447697.2261928494
3,5.0,4536,61517,757339.2039197996
6,2.5,2570,77145,516436.11638803524
8,1.0,4319,39297,734200.0855109787
8,1.5,4553,37866,977408.374305912
3,1.0,5917,43991,1184244.311422746
4,4.5,3092,11907,697913.6794725016
1,5.0,5265,90514,1035510.1708437911
2,3.5,5603,35938,1013999.3267202324
2,1.5,1248,86479,312081.623702231
8,3.5,2240,15810,511859.1457949521
8,5.0,5034,65600,1052679.496082346
1,2.0,1128,68612,205144.86318663677
7,5.0,2701,47705,683395.1479127447
4,1.5,5831,97668,929435.9870581296
8,3.0,1018,27615,297765.9609332372
8,1.5,2952,85475,575278.5621860266
8,4.0,4109,76273,801213.7246248994
2,5.0,684,96356,200447.13756245282
4,4.0,2899,58703,706603.7550960399
6,3.0,2351,69125,532368.9138695616
4,2.5,4821,59681,943402.3232265047
3,2.5,3257,87857,561357.071598299
1,4.5,4575,42567,855665.061893672
7,1.0,2951,14418,542731.6178850186
8,3.0,3699,52164,752120.927561573
8,1.5,1889,11986,451271.47833988816
4,5.0,3723,48593,884328.5104112349
7,4.0,3302,43983,737556.9708051557
8,4.5,1243,97718,422897.4276622489
7,3.5,3505,41989,556897.4289714642
6,5.0,4667,56887,779275.225148524
5,3.5,4663,33442,1029996.6184421589
1,4.0,5269,21243,824183.8545048047
7,4.0,3522,10132,827904.4332048912
2,5.0,2621,25556,560364.2497132189
3,4.5,4224,74397,804508.043450491
2,1.0,3470,93290,558577.7342361079
8,2.5,3718,69440,787141.524906208
6,4.0,736,43855,191716.89310964616
6,4.5,4825,19839,973147.3032696496
2,4.0,1818,69064,340389.4550067758
1,2.0,1617,95922,308433.6622047566
2,2.5,4300,53220,877502.3599840474
4,4.0,5127,89364,1128122.1613075146
8,4.5,3740,51078,727144.8342405099
8,4.0,4129,98742,914572.4041972535
2,3.5,3187,76430,620385.0003724295
3,5.0,2982,11265,681391.9494757586
3,5.0,3205,32807,622399.752655813
8,4.0,5604,59514,835356.4879949664
5,4.5,3687,66316,692999.1481450105
3,3.5,4127,85501,784452.3805433565
2,1.0,3157,74817,519917.173110575
3,1.0,808,42229,189966.23467795696
8,3.5,4410,42748,849154.0765366374
1,1.5,4753,51273,719016.4540845073
7,4.5,2607,64784,513775.4704778225
3,1.0,3463,28090,551971.8564372245
4,1.5,3976,23374,944430.7219153136
1,4.5,1968,56116,442178.1803581532
5,3.5,4400,90911,858706.7433913492
4,1.5,1637,69133,376011.1667973579
2,1.5,5072,77929,1186779.6206544095
7,4.0,2890,87338,729642.7431983678
2,3.0,1592,67278,338630.4237432766
7,3.0,3538,46462,735140.5453893057
7,4.5,5110,69624,985744.7740394416
2,4.0,993,60141,238080.8332576238
4,5.0,4286,90447,950590.6583576528
4,2.5,5424,95600,1056437.412100277
7,2.5,957,20655,246060.27566438206
4,1.5,4604,51864,799286.0629704589
7,2.0,1781,16410,479193.50477343466
8,1.0,2665,70388,597132.321212142
7,1.0,4502,95917,857568.4772895373
8,4.0,4018,43678,834425.480121294
1,3.0,3729,32970,639863.0350106244
6,2.0,754,69951,232512.0234029459
1,4.0,4158,28507,901784.0102694941
2,1.5,2154,71686,483115.0178042335
6,2.0,1086,28235,266993.3455566398
3,1.0,1982,57683,345295.8061742928
2,4.5,3015,88399,569995.4682909881
5,1.5,1670,77151,421216.7380027193
1,4.0,2854,86118,527547.0737559958
4,5.0,2106,19397,448292.6441066935
1,3.5,2475,39655,487002.511708048
4,1.5,5619,75446,1012724.7652875986
6,1.5,2790,53639,630791.8162176039
5,5.0,1670,28830,497656.31365989795
6,4.5,790,18014,249638.6459554745
5,5.0,739,71731,252496.13226184135
1,2.5,5310,53061,1162177.4078432508
4,2.5,4610,78752,870940.3349747462
6,1.5,4011,31859,870771.2089083819
5,1.0,3572,95589,686420.6062660449
7,2.5,2114,86758,529314.2238203885
2,4.5,3720,28908,754593.8659825014
2,1.5,4570,38693,739921.898832168
6,4.5,5319,99418,1200000.0
4,1.0,4124,23603,932823.3831263859
7,1.0,1945,88876,415845.2791914225
6,2.5,4782,53702,941458.9107255408
1,4.0,2517,28345,408042.5843442221
5,5.0,4977,32687,956815.5771849357
8,3.0,4510,39581,982397.7437672544
1,1.5,5793,47393,1040948.9588933407
2,4.0,1052,18292,268234.5844834202
5,1.5,4742,13448,782057.000998308
6,5.0,2211,29628,612099.11170128
1,5.0,3767,24678,639032.6621364488
3,2.0,2678,48815,495159.65744475025
8,4.5,3181,36477,630628.511891825
4,2.5,2664,63826,426349.237573679
7,2.0,1858,76750,404324.3239356905
7,1.0,5087,99526,925047.627709119
4,3.0,953,30010,254057.26774530148
3,2.5,5000,75146,865874.9394529643
2,1.0,4236,68133,904021.6080322494
5,4.5,2163,50643,500512.07138823374
4,4.5,1311,56687,372234.8140162929
3,4.5,4102,57993,723059.3283613373
6,2.0,3332,35078,669268.6511148639
8,3.5,5481,75708,1018458.9788370982
7,4.0,1456,27270,375857.5422592014
8,5.0,4872,91580,840077.0777829848
3,3.0,2029,16263,426862.20208206045
8,5.0,3092,30752,640713.5403107373
2,3.5,3798,21621,686661.7188923883
2,2.5,4020,52369,805729.7371962598
1,1.0,2668,82592,493379.4968021514
4,1.0,5406,70267,969105.9582553228
1,3.0,4091,96873,771313.8008097995
8,2.0,751,24245,235186.56870882734
7,3.0,3831,42676,701461.168187953
3,3.0,3506,75796,625387.7453937868
5,1.0,4151,62504,761221.0830912199
8,4.5,2066,11352,561632.581565447
5,3.0,4791,15243,828534.9095174364
2,3.0,4023,55333,826692.0159602198
5,5.0,4657,69484,817416.6766433408
5,4.5,5794,94926,986719.0461812988
7,1.0,3525,59974,619663.5305631828
5,2.0,4265,94740,831016.1535328086
8,4.0,5335,75702,1061727.7570117924
3,1.0,4030,31310,734098.946436026
5,1.0,1756,27439,301262.350357012
6,3.0,4807,11254,938672.9881215541
5,5.0,5889,14286,1200000.0
5,3.5,4008,83545,745034.2857681013
1,1.5,1761,79543,309882.2934383671
3,5.0,1859,24992,478286.01008468104
8,3.5,4690,72052,1170888.0984058673
2,3.0,3441,19723,779428.5373113678
1,3.0,3802,75183,717819.7366497136
8,2.0,3581,24590,645011.2880918154
4,3.5,4154,91174,986281.3546732562
3,2.5,4072,55002,831672.906312961
6,1.5,1824,56779,396562.035474375
3,2.0,4987,22016,1096007.027633425
4,5.0,2989,58183,503747.44416626164
4,5.0,1614,14744,449814.06571579573
4,3.5,5935,56357,1200000.0
7,5.0,5280,40239,1048523.8487940449
2,2.5,2626,22922,448155.8792492751
5,3.0,4313,10084,918334.14366653
3,3.5,2092,62147,429661.94739418064
8,5.0,4722,70631,803182.8570933455
7,3.0,2300,25373,582191.6625203979
8,4.5,1054,15156,411360.8320667261
5,1.0,1517,48551,296970.12472668744
5,3.0,613,48463,234966.1554494367
6,1.0,4974,59305,1037913.4290448676
4,3.5,1089,19653,271034.5290509668
2,4.0,1584,98334,359033.6279667657
6,3.0,1560,33068,441013.0467748652
1,1.0,2382,44787,495335.04591138434
7,3.5,2469,35673,535450.8774062443
7,3.0,3904,26155,701830.7361783417
2,3.5,3244,10570,808652.8193563566
5,4.0,5958,91736,1200000.0
8,4.0,4945,67492,1200000.0
7,1.5,5435,21769,761604.9847955578
2,2.0,4268,48921,807847.2591324283
7,3.5,5001,29075,1065212.036599452
7,2.0,2425,99589,451340.0482025961
4,1.5,3907,20301,672914.9429947658
1,2.5,3962,81043,594067.9446000286
4,3.0,3710,65001,741015.6636577257
1,5.0,3365,58359,760860.2340226794
7,2.0,4878,65119,718877.6003980023
6,2.0,4370,79191,777803.5039150463
8,3.5,3292,26347,649490.3162415983
5,3.0,629,32053,216647.12307856188
7,3.5,1366,69056,285573.8109161375
1,4.0,1214,78028,289616.223213934
1,2.0,1604,68688,376789.4558000602
1,3.0,2721,68450,544635.5786045084
7,4.5,3726,22304,825423.2759957927
2,2.5,3609,41403,524773.0162588046
6,1.5,4419,86418,630486.4654045409
2,2.5,623,47424,150870.08036912692
5,1.5,4659,69924,838810.915315818
7,2.0,3693,84047,814617.8891128832
1,2.5,5751,96235,1180799.5793207688
6,2.5,3510,31178,579746.1042519127
6,5.0,2570,27821,585393.6758518029
3,3.5,2138,91951,402106.1153327798
5,5.0,3741,10714,884057.8882082094
8,2.5,5367,84767,860232.9461966635
8,5.0,4569,92328,1131176.4044749904
6,5.0,3524,82882,858639.5315183133
7,3.5,1170,34124,348693.08815669455
1,3.0,5459,99584,969989.1615491224
1,2.0,1842,96951,426099.94541026076
6,3.0,1312,27511,283152.4073826059
2,2.0,5462,64588,1068375.6672629926
5,3.0,1893,87567,455130.81664700166
1,3.0,3466,21215,580670.8197208128
6,1.5,2274,21851,465555.8042326048
1,5.0,4263,43550,861109.4398392466
8,4.0,1959,65958,399372.00227656006
6,3.5,1235,11178,302596.8193765481
5,3.0,1809,77942,478995.62488310755
6,2.5,3212,56314,721212.6788259674
3,4.5,1897,94727,498841.8007796046
6,1.5,957,94684,205042.16670232927
6,4.5,5702,41146,1109935.718415759
7,1.0,840,78260,249782.74989266333
8,1.0,3204,45303,548581.4219078915
5,2.0,4664,85676,891396.9315586922
7,3.0,2426,64013,631664.1858833772
6,3.5,4158,98220,755506.2051086955
5,2.5,4460,99776,791084.4813315286
3,4.0,5960,95066,1059398.2214694347
5,4.0,4851,98498,1043463.1983482734
1,1.5,5047,11201,947748.7188415058
7,1.5,4739,85547,894622.3275414145
5,1.5,737,86087,223484.06430330378
8,1.5,4334,65103,783709.296957465
3,5.0,2567,96142,522032.3092652805
4,3.0,5449,22664,1070508.7157602962
6,4.5,742,79856,258973.13565172025
5,3.0,4233,78624,1076010.9687507486
6,3.0,3159,51456,608945.6909220624
2,1.0,4757,18664,1021033.1269823497
1,3.5,2619,62534,555541.9541819103
7,2.5,3449,76696,689675.9948600493
1,2.0,1792,20714,388078.5589551408
2,3.5,2913,14312,637214.7671130274
2,1.5,2955,30845,613867.6158199417
7,4.5,3106,94686,602579.017215717
5,1.0,933,60703,257802.87467264777
2,5.0,3162,45215,532239.802327685
4,4.5,3320,97564,670875.0419090221
6,1.0,3038,51078,766147.3249244218
6,5.0,2395,46264,523203.66202466283
3,1.5,853,44484,195747.98878769804
8,2.0,4257,96857,891248.7611246184
2,1.5,2023,52162,369976.9524401649
2,4.5,3837,76991,699450.5872131714
4,1.5,3931,89567,640906.8202974705
1,1.5,1627,98465,367546.95157813287
1,1.0,2766,49794,421803.91774764605
6,4.0,5691,39237,1086078.8247519596
6,1.5,4594,75294,856575.5260527165
5,3.0,1069,78007,326979.15493910474
7,3.0,1693,10367,462271.90389163484
8,2.0,5389,23417,1125014.9685528234
4,2.0,3512,62328,832270.5739783028
7,2.0,780,78910,193020.3857756279
7,3.5,4667,16773,1092187.423052028
3,2.5,3676,24205,727869.9938329181
7,2.0,1820,65443,400401.4259680424
3,1.5,4742,97905,676190.9325973514
7,2.0,4223,94117,967542.2086713144
4,2.5,5329,64063,900953.3717016414
3,3.5,5859,57119,1004098.5691165959
1,2.5,2163,43668,423635.59112794016
3,4.5,5284,92112,1128621.3116386812
3,2.0,4232,12770,852907.8187761082
4,2.0,2957,72537,579461.5809974744
4,2.0,2162,54308,505157.8114289451
3,4.5,5535,47948,947713.9182210361
8,2.5,2013,60102,377527.7409749753
2,1.0,3106,13606,586129.2858106431
8,1.5,5428,90214,851143.1894814763
4,1.5,1617,43025,333353.26853117184
8,2.0,4254,60373,803204.744891344
8,3.5,1357,24388,330275.6776442316
5,4.5,4379,92570,955987.0977545017
5,1.0,1220,40920,281917.5617742912
1,5.0,2488,45193,419778.7776287696
7,1.0,4184,25011,774041.8720550244
3,1.5,781,41254,171292.38425468217
2,2.0,3328,68266,811723.9291760509
1,4.0,2895,21106,583626.8821928167
3,5.0,3267,31786,687034.2299929924
8,2.0,2399,66852,644637.8963475862
4,4.5,2099,26944,536393.713680293
5,5.0,5643,83917,1200000.0
6,4.0,1584,51164,317001.82819136855
2,2.5,4153,86743,818730.6689073864
8,2.5,2964,38715,561080.77587813
6,2.5,3905,64251,725952.4565509983
5,3.5,2815,78907,632891.3263121007
8,2.5,3390,74506,771959.1855497776
7,3.0,725,45809,275835.3050456583
7,5.0,3220,16844,663236.8357133724
6,4.0,4815,97318,971236.5603167814
4,4.5,2051,59864,442211.1324954641
8,3.0,1608,86412,392083.4412237679
3,3.0,1813,98867,419034.4117340509
8,4.0,4304,47174,900593.4685933315
4,4.5,3730,55933,818874.9967063452
8,5.0,1296,23144,420138.8375234514
6,1.5,2870,17649,625938.9160263338
4,2.0,2115,46645,470640.1333254988
5,1.5,1634,62674,307651.8775231026
2,4.0,3440,22818,682458.2368224502
4,1.5,2135,46880,418479.2196007557
8,1.5,1413,70109,406124.43580387614
5,1.5,909,47333,225706.9330038085
2,2.5,1611,64058,306473.2337586935
7,1.0,5753,64575,1068111.837409433
3,1.5,1618,35130,338215.0027049467
6,2.0,4011,36716,950590.3469205803
8,4.0,4318,41297,1047161.3830370122
8,1.0,5520,29062,1200000.0
7,3.5,4410,39492,1022190.5496709452
3,2.0,2644,96861,498590.0928186839
7,2.0,1716,66481,483715.053449929
1,2.5,5323,85724,917373.9069518021
7,2.5,1756,76377,496875.3004626657
5,4.0,1588,20567,457784.98508759186
2,2.0,3066,46806,537266.2177805472
8,4.5,2428,84457,589647.631159537
7,4.5,2677,79885,661892.0284521981
8,4.0,2945,85191,814142.9163257333
4,1.5,1684,57674,375258.41340009094
3,3.0,3105,90415,512948.4694934076
7,3.5,4644,80482,1109654.706241687
2,2.5,2951,53127,590893.0149188427
5,3.0,3605,33502,776233.5197708072
1,5.0,5035,82193,852697.6368235245
8,4.0,3095,60724,595681.8754023485
3,1.5,676,88802,136972.2317105807
6,1.0,3162,16240,606595.2047242676
2,1.5,2172,96886,336391.1174159146
6,2.0,4787,58544,860031.0312669547
2,1.5,5161,26640,757891.6845948659
2,2.0,4270,42895,788359.802504036
5,5.0,3711,21920,807255.2645494781
5,2.5,3337,89928,650822.293475008
5,5.0,1952,90453,422813.2668528574
7,2.0,1546,40643,400890.45623244403
4,1.0,5249,39227,942528.7197294055
2,3.0,4468,33251,850759.5536195181
3,1.5,3737,34238,787600.459929853
6,2.5,4086,70044,747305.2937698901
5,1.5,4787,37723,794087.135443775
7,1.5,1602,44973,427222.55326855823
5,2.0,5063,18513,1200000.0
6,3.0,1419,53316,332350.7523808133
6,2.5,1022,40225,284644.91350881656
8,1.5,1171,14379,380105.282482119
2,1.5,3509,21305,651690.4088701104
5,3.5,5959,41722,1200000.0
6,4.0,5130,87684,858180.7664715399
4,3.5,2023,65429,420595.19550653547
4,4.0,2233,88437,521326.56821623887
5,1.0,2353,86424,561625.1986751272
7,3.5,1067,52476,331623.33069144265
6,2.0,5889,54253,831550.0398029905
8,1.0,5487,30708,937371.581979299
2,4.5,3522,74963,770631.9165499002
2,2.5,2903,37621,673424.7892232989
7,4.5,2306,40001,486948.2592191109
8,2.5,672,24220,177441.20909786862
2,2.5,746,75122,169503.13958705252
8,2.5,916,91757,276327.9865730673
1,3.5,1205,77907,210659.72021736472
5,5.0,1174,47784,324824.03178229084
2,3.0,1777,49070,336220.20862313616
4,4.5,3926,49150,699119.3706525995
6,4.5,4022,71262,685706.5045766723
8,2.5,3194,98372,630831.1347140408
8,5.0,3482,65544,881138.9531978203
3,5.0,911,37161,244078.93916605023
7,3.0,3455,31180,617375.7857144581
3,3.5,1364,91401,314265.43441379734
2,3.0,3595,28825,799808.376391369
3,2.0,3800,11017,678539.9229312894
3,4.5,1035,30885,275423.08302950667
1,5.0,3951,56260,913540.2727806761
8,2.5,5053,20260,1038407.9387649572
4,5.0,3577,64946,882407.7191175111
7,5.0,3530,56662,639692.0602421708
4,4.0,2899,87393,646535.2387875622
1,4.5,734,47018,231134.307813141
1,2.0,4514,65099,845400.7110533036
3,3.0,5218,72306,864234.6788963699
5,2.0,1403,39230,307025.30034886446
8,4.0,3307,34769,693880.5226625788
6,3.5,2966,45214,784204.745161001
8,2.0,4775,42492,817490.63458678
6,5.0,3862,73767,844983.1719679725
3,1.0,2076,99043,472800.46756430424
6,2.0,4015,72473,857498.6524069492
1,4.0,3061,98215,759791.5308919979
4,2.0,4542,13687,962926.9457192847
6,2.0,2640,59135,572096.2442488278
8,1.5,5063,74635,973623.770097111
7,5.0,1606,83400,396603.9829378784
3,2.5,1592,81663,391751.1750116629
5,3.5,5291,59704,1049115.7559334785
3,1.5,2496,23834,513544.4625636537
2,5.0,3665,18921,732228.2070106382
3,4.0,3348,38573,550413.0843152283
1,3.0,5740,47876,997335.1209688069
4,4.0,3261,14266,698409.6710186616
4,2.5,3578,47713,647483.716660711
7,4.0,2423,18985,517209.64579821186
6,1.5,4007,32068,881848.0417531307
1,4.0,5106,18366,1121847.121358902
2,2.5,5082,79384,932371.7275262534
1,2.5,2348,40472,468253.3063772546
3,1.0,5717,13456,1107330.730387556
1,2.0,3261,94678,562692.5207968134
1,3.0,618,22031,163638.9135862928
7,3.0,3958,95675,772644.7908163306
2,1.5,875,30026,173349.86877390792
3,2.5,4678,50887,852453.1040021343
5,1.0,5354,38777,970537.4470269749
7,5.0,3545,52930,765448.9325797214
5,1.0,5247,11660,941629.5816687346
7,3.5,5374,37151,1137168.4045161305
4,4.0,5298,34613,765784.0346602894
8,2.0,964,75266,320106.3021494182
7,1.0,2573,88744,654691.6442334615
6,4.0,1394,64738,414526.6925899404
1,2.0,1189,55777,256174.51954359227
4,3.5,4894,95496,962862.8186937022
2,3.5,4913,40702,1099607.819068327
5,2.5,1340,98378,305104.4771478288
8,3.5,5345,87263,1025403.2137681126
8,2.5,2794,71804,602490.4508591888
7,4.5,1269,23021,324623.98945557605
1,5.0,2037,54001,377818.6483548749
2,1.5,5360,29092,878329.3028965723
6,4.0,1455,38915,376673.6124791236
2,5.0,2977,63323,586554.1834424321
1,5.0,5590,86037,1054561.292104769
6,3.0,4633,61902,925158.4293923492
2,1.0,2493,25739,495443.2954120842
6,3.5,1786,83012,437426.0540063212
7,4.5,2442,83467,509846.76214822545
7,1.0,926,23699,258887.3503973252
1,1.5,3826,12804,780672.5533035728
1,1.0,3000,58904,639904.8976090904
6,3.0,4878,64596,1077910.919953993
3,1.5,5150,59993,835748.7449549972
4,2.5,4701,74366,818764.5510110927
8,1.0,4615,48343,951802.9727952844
2,4.0,4906,21775,933681.1991224473
2,4.5,650,73012,204788.68353401206
3,3.0,2068,57686,382113.25741848745
3,1.5,1609,65557,348859.4611381755
3,4.5,5072,74236,958432.4675909533
5,1.0,4157,55874,862348.1175849265
5,4.0,1674,41586,421692.44358683063
6,1.0,753,67009,257498.83729347342
5,3.5,1181,10607,358695.150459966
7,3.5,1387,47386,386120.3014785092
7,3.0,5486,89625,1063071.641415478
1,1.5,3981,72652,599283.9205362335
8,1.5,2867,63112,605777.6590659417
6,5.0,4858,47025,984910.706284194
8,3.0,1570,73492,408224.0987147874
2,3.0,1247,20223,251691.41387499022
4,4.0,1545,32943,345273.18146026606
1,3.5,5384,97051,953165.8615423371
2,1.5,2095,72860,440609.4544120518
2,1.0,2647,76287,516190.5055868425
6,3.0,1772,80880,368119.3659078413
3,2.5,4818,43973,864698.1492544652
3,2.0,5499,85048,936514.8107890688
8,1.5,3486,46655,575772.6899158455
1,1.5,5788,84158,979630.968465837
3,2.5,4758,74177,864220.627582145
2,1.5,1332,69509,249607.29665239895
3,2.5,3687,70461,689528.6489859617
5,2.0,4061,28658,687268.8405869015
3,5.0,2257,46133,526185.494694889
2,4.0,5643,93183,1067494.1634373285
8,2.0,1078,30620,316790.2808752786
6,4.5,1737,47067,432846.8086702628
1,5.0,4553,79269,914640.6579332204
4,4.0,1576,39675,328564.80278121587
3,3.5,836,77201,210515.33182307886
7,2.5,3123,10860,745316.5520961876
7,3.0,4643,37618,1077567.6524143165
8,4.5,1197,37916,359091.82078918617
2,2.0,2302,87217,392970.72364692023
4,1.5,2776,92056,566185.9391022865
4,2.0,3157,97667,585865.6187852494
5,4.0,764,32878,228070.49945756237
4,4.5,2924,86960,677993.8256795893
7,1.0,3639,48554,748632.4483168818
6,4.0,1169,36796,239159.92371827905
2,5.0,3928,19345,790359.0180645285
2,2.0,740,71518,170796.1482145008
3,2.0,1285,32584,316935.15202007437
3,4.5,1286,21598,306150.7573945193
3,2.5,3880,83861,735151.3880301506
7,4.5,3363,28445,673092.2994287951
7,3.0,4190,53813,871915.2343722186
8,2.0,2638,13730,505781.09243876155
7,2.5,1674,21684,331569.9946947351
7,2.5,5978,67470,913957.3355889963
7,4.5,2825,44563,702820.6656222037
7,3.5,5617,20041,1042674.3587822642
6,4.0,1941,63465,475934.5021315777
7,5.0,2289,83723,596315.4317268468
8,3.5,3610,71320,742572.5334776944
4,2.0,963,42624,245445.45605488485
4,2.0,5774,86455,1063599.9022961
5,2.0,1667,13726,338575.84607478953
6,1.5,3240,60393,558113.257293197
3,1.0,4349,11843,768193.111534318
1,1.0,2630,64929,488135.6487365682
7,2.5,1217,68856,296432.13702114567
5,2.0,5054,75460,898195.6855473872
1,3.0,3746,23754,681718.8963568299
8,5.0,2582,38853,692648.7618556116
4,4.5,793,69560,221464.4299610122
5,5.0,5058,77816,1124009.0812023457
8,3.0,1719,83332,459986.90191202896
5,4.5,5759,14567,1200000.0
2,2.5,4802,84836,962562.8236783902
8,3.0,1126,72118,354939.9681345008
4,2.0,2552,68886,522094.710119314
4,3.0,5479,67724,1023850.7614719471
6,2.0,2382,42150,426402.40138495684
5,3.0,5762,76791,1200000.0
7,3.0,3273,16462,681912.8868713994
4,3.5,2997,93578,558920.6286557901
5,5.0,4324,37560,1014070.6217583702
6,1.0,5701,94568,936857.3052768471
7,3.5,3189,87686,591855.5086678674
8,1.0,4126,13371,970950.4175846402
6,3.5,4449,95349,916690.4236961755
2,1.5,2234,64012,509108.7757155347
7,4.5,3609,83156,623365.012162225
5,2.0,693,12932,233380.61254686408
4,3.5,4394,31470,933528.3429723725
4,3.5,3966,19778,961285.1213992687
5,2.5,3546,33033,825159.4089088816
5,3.0,688,20304,197021.74922397005
5,1.5,3150,83655,619835.1624529556
3,4.5,3414,24407,748196.6738602854
7,4.0,2045,80519,607536.7586023273
4,3.5,5221,12521,820427.7248787982
7,4.0,2430,94622,586068.654095349
6,1.0,3341,10783,645207.6160740432
4,3.0,1154,52666,303900.9425531926
3,4.0,4364,26798,697482.2647932103
5,1.0,3034,84091,607886.1963240444
